ep_id,start,end,n_points,categoria
1,2025-07-01 03:14:30,2025-07-01 03:22:00,16,catalogo_47tags
2,2025-07-01 23:16:30,2025-07-01 23:21:00,10,catalogo_47tags
3,2025-07-02 00:39:30,2025-07-02 00:39:30,1,catalogo_47tags
4,2025-07-02 01:37:30,2025-07-02 01:39:00,4,catalogo_47tags
5,2025-07-24 17:16:30,2025-07-25 16:15:00,2665,alarme_oficial
6,2025-08-17 18:20:00,2025-08-17 18:20:00,1,catalogo_47tags
7,2025-08-18 05:25:30,2025-08-18 05:30:00,10,catalogo_47tags
8,2025-08-18 08:24:30,2025-08-18 08:31:00,14,catalogo_47tags
9,2025-08-19 04:23:00,2025-08-19 04:29:30,14,catalogo_47tags
10,2025-08-24 22:57:30,2025-08-24 22:58:00,2,catalogo_47tags
11,2025-08-26 22:18:30,2025-08-26 22:20:00,4,isolado
12,2025-08-27 00:37:30,2025-08-27 00:54:30,35,isolado
13,2025-08-27 01:51:00,2025-08-27 01:51:00,1,isolado
14,2025-08-31 04:30:00,2025-08-31 04:31:00,3,catalogo_47tags
15,2025-08-31 09:12:30,2025-08-31 09:30:00,27,catalogo_47tags
16,2025-08-31 10:34:30,2025-08-31 10:35:30,3,catalogo_47tags
17,2025-08-31 15:43:00,2025-08-31 15:44:00,3,catalogo_47tags
18,2025-09-07 01:06:00,2025-09-07 01:06:00,1,catalogo_47tags
19,2025-09-07 02:09:30,2025-09-07 02:43:00,68,catalogo_47tags
20,2025-09-07 04:58:00,2025-09-07 05:10:00,25,catalogo_47tags
21,2025-09-07 12:07:00,2025-09-07 12:07:30,2,catalogo_47tags
22,2025-09-08 02:09:00,2025-09-08 02:09:00,1,catalogo_47tags
23,2025-10-02 13:58:00,2025-10-02 14:04:00,13,catalogo_47tags
24,2025-10-09 11:21:00,2025-10-09 15:21:00,477,catalogo_47tags
25,2025-10-15 09:25:00,2025-10-15 09:30:30,12,catalogo_47tags
26,2025-10-15 18:36:00,2025-10-15 18:51:00,31,catalogo_47tags
27,2025-10-17 13:49:00,2025-10-17 13:54:30,12,padrao_mancal354
28,2025-10-20 23:13:30,2025-10-20 23:17:30,9,alarme_oficial
29,2025-10-21 22:17:30,2025-10-21 22:23:00,12,catalogo_47tags
30,2025-10-22 18:18:30,2025-10-22 18:22:30,9,isolado
31,2025-11-16 00:27:30,2025-11-16 00:33:00,12,catalogo_47tags
32,2025-11-26 08:19:30,2025-11-26 08:26:00,14,catalogo_47tags
33,2025-12-02 12:51:30,2025-12-02 12:56:00,10,catalogo_47tags
34,2025-12-09 02:57:00,2025-12-09 03:15:30,32,catalogo_47tags
35,2025-12-11 22:05:30,2025-12-11 22:05:30,1,catalogo_47tags
36,2025-12-12 01:05:30,2025-12-12 01:05:30,1,catalogo_47tags
37,2025-12-12 05:47:30,2025-12-12 05:48:00,2,catalogo_47tags
38,2025-12-12 10:56:00,2025-12-12 11:11:00,26,catalogo_47tags
39,2025-12-15 07:17:30,2025-12-15 07:21:30,9,padrao_mancal354
40,2025-12-16 05:22:00,2025-12-16 05:22:30,2,isolado
41,2025-12-24 10:54:30,2025-12-24 10:59:00,10,padrao_mancal354
42,2025-12-28 12:26:00,2025-12-28 12:26:00,1,catalogo_47tags
43,2026-01-15 12:54:30,2026-01-15 13:45:00,102,alarme_oficial
44,2026-01-21 11:59:30,2026-01-21 11:59:30,1,isolado
45,2026-01-29 13:56:00,2026-01-29 13:56:30,2,alarme_oficial
46,2026-01-31 21:57:00,2026-01-31 21:57:30,2,catalogo_47tags
47,2026-02-03 18:51:30,2026-02-03 18:52:00,2,catalogo_47tags
48,2026-02-05 02:23:30,2026-02-05 02:23:30,1,catalogo_47tags
49,2026-02-09 14:33:30,2026-02-09 14:33:30,1,alarme_oficial
50,2026-02-09 15:34:00,2026-02-09 15:35:00,3,alarme_oficial
51,2026-02-10 19:44:30,2026-02-10 19:44:30,1,alarme_oficial
52,2026-02-11 19:04:30,2026-02-11 19:04:30,1,alarme_oficial
53,2026-02-12 12:55:30,2026-02-12 12:55:30,1,alarme_oficial
54,2026-02-14 16:38:00,2026-02-14 16:38:00,1,catalogo_47tags
55,2026-02-14 17:41:00,2026-02-14 17:42:30,4,catalogo_47tags
56,2026-02-14 19:56:30,2026-02-14 19:57:00,2,catalogo_47tags
57,2026-02-24 11:01:00,2026-02-24 11:01:00,1,alarme_oficial
58,2026-02-25 06:11:00,2026-02-25 06:11:30,2,alarme_oficial
59,2026-02-25 19:59:00,2026-02-25 19:59:30,2,alarme_oficial
60,2026-02-26 07:44:30,2026-02-26 07:44:30,1,alarme_oficial
61,2026-02-27 00:05:30,2026-02-27 01:28:30,61,catalogo_47tags
62,2026-02-27 10:50:30,2026-02-27 10:54:30,9,catalogo_47tags
63,2026-03-09 14:36:30,2026-03-09 14:42:30,13,catalogo_47tags
64,2026-03-10 10:23:00,2026-03-10 10:42:00,21,padrao_mancal354
65,2026-03-11 09:32:30,2026-03-11 09:32:30,1,isolado
66,2026-03-12 19:54:00,2026-03-12 19:54:00,1,alarme_oficial
67,2026-03-13 10:34:00,2026-03-13 10:34:00,1,alarme_oficial
68,2026-03-13 15:11:30,2026-03-13 15:19:00,7,alarme_oficial
69,2026-03-13 18:18:00,2026-03-13 18:18:30,2,alarme_oficial
70,2026-03-16 02:08:30,2026-03-16 02:08:30,1,alarme_oficial
71,2026-03-16 03:20:30,2026-03-16 03:22:00,4,alarme_oficial
72,2026-03-16 19:02:00,2026-03-16 19:02:30,2,alarme_oficial
73,2026-03-16 20:06:00,2026-03-16 20:06:00,1,alarme_oficial
74,2026-03-16 21:15:30,2026-03-16 21:21:30,8,alarme_oficial
75,2026-03-17 11:14:00,2026-03-17 11:14:00,1,alarme_oficial
76,2026-03-17 18:50:30,2026-03-17 18:51:00,2,isolado
77,2026-03-18 08:15:00,2026-03-18 08:15:00,1,isolado
78,2026-03-20 14:08:30,2026-03-20 14:09:30,3,isolado
79,2026-03-23 21:39:00,2026-03-23 21:39:00,1,isolado
80,2026-03-25 19:01:00,2026-03-25 19:01:30,2,alarme_oficial
81,2026-03-27 21:23:00,2026-03-27 21:23:00,1,isolado
82,2026-03-29 10:28:30,2026-03-29 10:29:00,2,catalogo_47tags
83,2026-04-08 09:45:00,2026-04-08 09:51:00,13,alarme_oficial
84,2026-04-08 13:21:00,2026-04-08 13:21:30,2,alarme_oficial
85,2026-04-08 21:30:00,2026-04-08 21:42:00,9,alarme_oficial
86,2026-04-10 23:03:00,2026-04-10 23:03:30,2,isolado
87,2026-04-11 08:57:00,2026-04-11 08:57:00,1,isolado
88,2026-04-11 10:20:30,2026-04-11 10:21:00,2,isolado
89,2026-04-12 17:33:30,2026-04-12 17:33:30,1,isolado
90,2026-04-13 22:22:30,2026-04-13 22:23:00,2,alarme_oficial
91,2026-04-15 14:37:30,2026-04-15 14:38:30,3,alarme_oficial
92,2026-04-15 16:02:00,2026-04-15 18:44:00,325,alarme_oficial
