time,near_47tags,nearest_tag,nearest_dist_h
2025-07-01 23:16:30,True,PI_6240319_AL,9.626944444444444
2025-07-01 23:17:00,True,PI_6240319_AL,9.635277777777778
2025-07-01 23:17:30,True,PI_6240319_AL,9.643611111111111
2025-07-01 23:18:00,True,PI_6240319_AL,9.651944444444444
2025-07-01 23:18:30,True,PI_6240319_AL,9.660277777777777
2025-07-01 23:19:00,True,PI_6240319_AL,9.668611111111112
2025-07-01 23:19:30,True,PI_6240319_AL,9.676944444444445
2025-07-01 23:20:00,True,PI_6240319_AL,9.685277777777777
2025-07-01 23:20:30,True,PI_6240319_AL,9.69361111111111
2025-07-01 23:21:00,True,PI_6240319_AL,9.701944444444445
2025-07-02 00:39:30,True,PI_6240319_AL,11.010277777777778
2025-07-02 01:37:30,True,PI_6240319_AL,11.976944444444445
2025-07-02 01:38:00,True,PI_6240319_AL,11.985277777777778
2025-07-02 01:38:30,True,PI_6240319_AL,11.993611111111111
2025-07-02 01:39:00,True,PI_6240319_AL,12.001944444444444
2025-07-25 16:15:00,True,PI_6240319_AL,23.990833333333335
2025-08-26 22:18:30,False,PI_6240319_AL,38.384166666666665
2025-08-26 22:19:00,False,PI_6240319_AL,38.37583333333333
2025-08-26 22:19:30,False,PI_6240319_AL,38.3675
2025-08-26 22:20:00,False,PI_6240319_AL,38.35916666666667
2025-08-27 00:37:30,False,PI_6240319_AL,36.0675
2025-08-27 00:38:00,False,PI_6240319_AL,36.05916666666667
2025-08-27 00:38:30,False,PI_6240319_AL,36.05083333333334
2025-08-27 00:39:00,False,PI_6240319_AL,36.0425
2025-08-27 00:39:30,False,PI_6240319_AL,36.034166666666664
2025-08-27 00:40:00,False,PI_6240319_AL,36.02583333333333
2025-08-27 00:40:30,False,PI_6240319_AL,36.0175
2025-08-27 00:41:00,False,PI_6240319_AL,36.009166666666665
2025-08-27 00:41:30,False,PI_6240319_AL,36.00083333333333
2025-08-27 00:42:00,False,PI_6240319_AL,35.9925
2025-08-27 00:42:30,False,PI_6240319_AL,35.98416666666667
2025-08-27 00:43:00,False,PI_6240319_AL,35.975833333333334
2025-08-27 00:43:30,False,PI_6240319_AL,35.9675
2025-08-27 00:44:00,False,PI_6240319_AL,35.95916666666667
2025-08-27 00:44:30,False,PI_6240319_AL,35.950833333333335
2025-08-27 00:45:00,False,PI_6240319_AL,35.9425
2025-08-27 00:45:30,False,PI_6240319_AL,35.93416666666667
2025-08-27 00:46:00,False,PI_6240319_AL,35.92583333333334
2025-08-27 00:46:30,False,PI_6240319_AL,35.9175
2025-08-27 00:47:00,False,PI_6240319_AL,35.909166666666664
2025-08-27 00:47:30,False,PI_6240319_AL,35.90083333333333
2025-08-27 00:48:00,False,PI_6240319_AL,35.8925
2025-08-27 00:48:30,False,PI_6240319_AL,35.884166666666665
2025-08-27 00:49:00,False,PI_6240319_AL,35.87583333333333
2025-08-27 00:49:30,False,PI_6240319_AL,35.8675
2025-08-27 00:50:00,False,PI_6240319_AL,35.85916666666667
2025-08-27 00:50:30,False,PI_6240319_AL,35.850833333333334
2025-08-27 00:51:00,False,PI_6240319_AL,35.8425
2025-08-27 00:51:30,False,PI_6240319_AL,35.83416666666667
2025-08-27 00:52:00,False,PI_6240319_AL,35.825833333333335
2025-08-27 00:52:30,False,PI_6240319_AL,35.8175
2025-08-27 00:53:00,False,PI_6240319_AL,35.80916666666667
2025-08-27 00:53:30,False,PI_6240319_AL,35.80083333333334
2025-08-27 00:54:00,False,PI_6240319_AL,35.7925
2025-08-27 00:54:30,False,PI_6240319_AL,35.784166666666664
2025-08-27 01:51:00,False,PI_6240319_AL,34.8425
2025-09-07 12:07:00,True,PI_6240319_AL,10.98611111111111
2025-09-07 12:07:30,True,PI_6240319_AL,10.994444444444444
2025-10-02 13:58:00,True,PAL_6240315,21.171666666666667
2025-10-02 13:58:30,True,PAL_6240315,21.163333333333334
2025-10-02 13:59:00,True,PAL_6240315,21.155
2025-10-02 13:59:30,True,PAL_6240315,21.14666666666667
2025-10-02 14:00:00,True,PAL_6240315,21.138333333333332
2025-10-02 14:00:30,True,PAL_6240315,21.13
2025-10-02 14:01:00,True,PAL_6240315,21.121666666666666
2025-10-02 14:01:30,True,PAL_6240315,21.113333333333333
2025-10-02 14:02:00,True,PAL_6240315,21.105
2025-10-02 14:02:30,True,PAL_6240315,21.096666666666668
2025-10-02 14:03:00,True,PAL_6240315,21.088333333333335
2025-10-02 14:03:30,True,PAL_6240315,21.08
2025-10-02 14:04:00,True,PAL_6240315,21.071666666666665
2025-10-09 15:03:00,True,PI_6240319_AL,8.006944444444445
2025-10-09 15:03:30,True,PI_6240319_AL,8.015277777777778
2025-10-09 15:04:00,True,PI_6240319_AL,8.02361111111111
2025-10-09 15:04:30,True,PI_6240319_AL,8.031944444444445
2025-10-09 15:05:00,True,PI_6240319_AL,8.040277777777778
2025-10-09 15:05:30,True,PI_6240319_AL,8.04861111111111
2025-10-09 15:06:00,True,PI_6240319_AL,8.056944444444444
2025-10-09 15:06:30,True,PI_6240319_AL,8.065277777777778
2025-10-09 15:07:00,True,PI_6240319_AL,8.073611111111111
2025-10-09 15:07:30,True,PI_6240319_AL,8.081944444444444
2025-10-09 15:08:00,True,PI_6240319_AL,8.090277777777779
2025-10-09 15:08:30,True,PI_6240319_AL,8.098611111111111
2025-10-09 15:09:00,True,PI_6240319_AL,8.106944444444444
2025-10-09 15:09:30,True,PI_6240319_AL,8.115277777777777
2025-10-09 15:10:00,True,PI_6240319_AL,8.123611111111112
2025-10-09 15:10:30,True,PI_6240319_AL,8.131944444444445
2025-10-09 15:11:00,True,PI_6240319_AL,8.140277777777778
2025-10-09 15:11:30,True,PI_6240319_AL,8.14861111111111
2025-10-09 15:12:00,True,PI_6240319_AL,8.156944444444445
2025-10-09 15:12:30,True,PI_6240319_AL,8.165277777777778
2025-10-09 15:13:00,True,PI_6240319_AL,8.17361111111111
2025-10-09 15:13:30,True,PI_6240319_AL,8.181944444444444
2025-10-09 15:14:00,True,PI_6240319_AL,8.190277777777778
2025-10-09 15:14:30,True,PI_6240319_AL,8.198611111111111
2025-10-09 15:15:00,True,PI_6240319_AL,8.206944444444444
2025-10-09 15:15:30,True,PI_6240319_AL,8.215277777777779
2025-10-09 15:16:00,True,PI_6240319_AL,8.223611111111111
2025-10-09 15:16:30,True,PI_6240319_AL,8.231944444444444
2025-10-09 15:17:00,True,PI_6240319_AL,8.240277777777777
2025-10-09 15:17:30,True,PI_6240319_AL,8.248611111111112
2025-10-09 15:18:00,True,PI_6240319_AL,8.256944444444445
2025-10-09 15:18:30,True,PI_6240319_AL,8.265277777777778
2025-10-09 15:19:00,True,PI_6240319_AL,8.27361111111111
2025-10-09 15:19:30,True,PI_6240319_AL,8.281944444444445
2025-10-09 15:20:00,True,PI_6240319_AL,8.290277777777778
2025-10-09 15:20:30,True,PI_6240319_AL,8.29861111111111
2025-10-09 15:21:00,True,PI_6240319_AL,8.306944444444444
2025-10-15 18:36:00,True,PI_6240319_AL,9.749444444444444
2025-10-15 18:36:30,True,PI_6240319_AL,9.757777777777777
2025-10-15 18:37:00,True,PI_6240319_AL,9.766111111111112
2025-10-15 18:37:30,True,PI_6240319_AL,9.774444444444445
2025-10-15 18:38:00,True,PI_6240319_AL,9.782777777777778
2025-10-15 18:38:30,True,PI_6240319_AL,9.79111111111111
2025-10-15 18:39:00,True,PI_6240319_AL,9.799444444444445
2025-10-15 18:39:30,True,PI_6240319_AL,9.807777777777778
2025-10-15 18:40:00,True,PI_6240319_AL,9.81611111111111
2025-10-15 18:40:30,True,PI_6240319_AL,9.824444444444444
2025-10-15 18:41:00,True,PI_6240319_AL,9.832777777777778
2025-10-15 18:41:30,True,PI_6240319_AL,9.841111111111111
2025-10-15 18:42:00,True,PI_6240319_AL,9.849444444444444
2025-10-15 18:42:30,True,PI_6240319_AL,9.857777777777779
2025-10-15 18:43:00,True,PI_6240319_AL,9.866111111111111
2025-10-15 18:43:30,True,PI_6240319_AL,9.874444444444444
2025-10-15 18:44:00,True,PI_6240319_AL,9.882777777777777
2025-10-15 18:44:30,True,PI_6240319_AL,9.891111111111112
2025-10-15 18:45:00,True,PI_6240319_AL,9.899444444444445
2025-10-15 18:45:30,True,PI_6240319_AL,9.907777777777778
2025-10-15 18:46:00,True,PI_6240319_AL,9.91611111111111
2025-10-15 18:46:30,True,PI_6240319_AL,9.924444444444445
2025-10-15 18:47:00,True,PI_6240319_AL,9.932777777777778
2025-10-15 18:47:30,True,PI_6240319_AL,9.94111111111111
2025-10-15 18:48:00,True,PI_6240319_AL,9.949444444444444
2025-10-15 18:48:30,True,PI_6240319_AL,9.957777777777778
2025-10-15 18:49:00,True,PI_6240319_AL,9.966111111111111
2025-10-15 18:49:30,True,PI_6240319_AL,9.974444444444444
2025-10-15 18:50:00,True,PI_6240319_AL,9.982777777777779
2025-10-15 18:50:30,True,PI_6240319_AL,9.991111111111111
2025-10-15 18:51:00,True,PI_6240319_AL,9.999444444444444
2025-10-17 13:49:00,False,PI_6240319_AL,30.751944444444444
2025-10-17 13:49:30,False,PI_6240319_AL,30.74361111111111
2025-10-17 13:50:00,False,PI_6240319_AL,30.735277777777778
2025-10-17 13:50:30,False,PI_6240319_AL,30.726944444444445
2025-10-17 13:51:00,False,PI_6240319_AL,30.718611111111112
2025-10-17 13:51:30,False,PI_6240319_AL,30.710277777777776
2025-10-17 13:52:00,False,PI_6240319_AL,30.701944444444443
2025-10-17 13:52:30,False,PI_6240319_AL,30.69361111111111
2025-10-17 13:53:00,False,PI_6240319_AL,30.685277777777777
2025-10-17 13:53:30,False,PI_6240319_AL,30.676944444444445
2025-10-17 13:54:00,False,PI_6240319_AL,30.66861111111111
2025-10-17 13:54:30,False,PI_6240319_AL,30.66027777777778
2025-10-22 18:18:30,False,PAL_6240315,24.009166666666665
2025-10-22 18:19:00,False,PAL_6240315,24.0175
2025-10-22 18:19:30,False,PAL_6240315,24.025833333333335
2025-10-22 18:20:00,False,PAL_6240315,24.034166666666668
2025-10-22 18:20:30,False,PAL_6240315,24.0425
2025-10-22 18:21:00,False,PAL_6240315,24.050833333333333
2025-10-22 18:21:30,False,PAL_6240315,24.059166666666666
2025-10-22 18:22:00,False,PAL_6240315,24.0675
2025-10-22 18:22:30,False,PAL_6240315,24.075833333333332
2025-12-11 22:05:30,True,PAL_6240315,18.6425
2025-12-12 01:05:30,True,PAL_6240315,15.6425
2025-12-12 05:47:30,True,PAL_6240315,10.9425
2025-12-12 05:48:00,True,PAL_6240315,10.934166666666666
2025-12-15 07:17:30,False,PAL_6240315,38.117777777777775
2025-12-15 07:18:00,False,PAL_6240315,38.12611111111111
2025-12-15 07:18:30,False,PAL_6240315,38.13444444444445
2025-12-15 07:19:00,False,PAL_6240315,38.14277777777778
2025-12-15 07:19:30,False,PAL_6240315,38.15111111111111
2025-12-15 07:20:00,False,PAL_6240315,38.159444444444446
2025-12-15 07:20:30,False,PAL_6240315,38.16777777777778
2025-12-15 07:21:00,False,PAL_6240315,38.17611111111111
2025-12-15 07:21:30,False,PAL_6240315,38.184444444444445
2025-12-16 05:22:00,False,PAL_6240315,60.19277777777778
2025-12-16 05:22:30,False,PAL_6240315,60.20111111111111
2025-12-24 10:54:30,False,PI_6240319_AL,101.30222222222223
2025-12-24 10:55:00,False,PI_6240319_AL,101.29388888888889
2025-12-24 10:55:30,False,PI_6240319_AL,101.28555555555556
2025-12-24 10:56:00,False,PI_6240319_AL,101.27722222222222
2025-12-24 10:56:30,False,PI_6240319_AL,101.2688888888889
2025-12-24 10:57:00,False,PI_6240319_AL,101.26055555555556
2025-12-24 10:57:30,False,PI_6240319_AL,101.25222222222222
2025-12-24 10:58:00,False,PI_6240319_AL,101.24388888888889
2025-12-24 10:58:30,False,PI_6240319_AL,101.23555555555555
2025-12-24 10:59:00,False,PI_6240319_AL,101.22722222222222
2026-01-21 11:59:30,False,PDAL_6240302,53.803333333333335
2026-03-10 10:23:00,False,PAL_6240315,24.0125
2026-03-10 10:23:30,False,PAL_6240315,24.020833333333332
2026-03-10 10:24:00,False,PAL_6240315,24.029166666666665
2026-03-10 10:24:30,False,PAL_6240315,24.0375
2026-03-10 10:25:00,False,PAL_6240315,24.045833333333334
2026-03-10 10:25:30,False,PAL_6240315,24.054166666666667
2026-03-10 10:26:00,False,PAL_6240315,24.0625
2026-03-10 10:26:30,False,PAL_6240315,24.070833333333333
2026-03-10 10:27:00,False,PAL_6240315,24.079166666666666
2026-03-10 10:27:30,False,PAL_6240315,24.0875
2026-03-10 10:37:00,False,PAL_6240315,24.245833333333334
2026-03-10 10:37:30,False,PAL_6240315,24.254166666666666
2026-03-10 10:38:00,False,PAL_6240315,24.2625
2026-03-10 10:38:30,False,PAL_6240315,24.270833333333332
2026-03-10 10:39:00,False,PAL_6240315,24.279166666666665
2026-03-10 10:39:30,False,PAL_6240315,24.2875
2026-03-10 10:40:00,False,PAL_6240315,24.295833333333334
2026-03-10 10:40:30,False,PAL_6240315,24.304166666666667
2026-03-10 10:41:00,False,PAL_6240315,24.3125
2026-03-10 10:41:30,False,PAL_6240315,24.320833333333333
2026-03-10 10:42:00,False,PAL_6240315,24.329166666666666
2026-03-11 09:32:30,False,PAL_6240315,47.170833333333334
2026-03-17 18:50:30,False,PAL_6240315,27.83111111111111
2026-03-17 18:51:00,False,PAL_6240315,27.839444444444446
2026-03-18 08:15:00,False,PAL_6240315,24.69611111111111
2026-03-20 14:08:30,False,PAL_6240315,29.195555555555554
2026-03-20 14:09:00,False,PAL_6240315,29.20388888888889
2026-03-20 14:09:30,False,PAL_6240315,29.212222222222223
2026-03-23 21:39:00,False,PAL_6240315,35.386944444444445
2026-03-27 21:23:00,False,PDAL_6240302,41.00111111111111
2026-04-10 23:03:00,False,TC382_03_A,49.158055555555556
2026-04-10 23:03:30,False,TC382_03_A,49.16638888888889
2026-04-11 08:57:00,False,TC382_03_A,59.058055555555555
2026-04-11 10:20:30,False,TC382_03_A,60.44972222222222
2026-04-11 10:21:00,False,TC382_03_A,60.45805555555555
2026-04-12 17:33:30,False,TC382_03_A,30.654722222222222
