threshold,hits,n_alarms,normal_alert_rate,frac_blocked
1.0,33,40,0.0003485829574623161,0.25911523813996634
1.5,36,40,0.00046900252458566163,0.07175570343860634
2.0,36,40,0.0006464629392937498,0.014643482647604986
2.5,36,40,0.0007774456263401958,0.0053434200104377685
3.0,36,40,0.0009042030654174017,0.0013540604134686268
3.5,36,40,0.0010309605044946076,5.276930683821617e-07
4.0,36,40,0.0010309605044946076,5.276930683821617e-07
5.0,36,40,0.0010309605044946076,5.276930683821617e-07
6.0,36,40,0.0010309605044946076,5.276930683821617e-07
8.0,36,40,0.0010309605044946076,5.276930683821617e-07
10.0,36,40,0.0010309605044946076,5.276930683821617e-07
