episode,min,max,count,duration_min
21,2025-08-17 17:40:30,2025-08-19 09:56:00,4468,2416.0
16,2025-06-22 16:17:30,2025-06-23 04:15:00,1069,718.0
0,2025-05-27 21:31:30,2025-05-28 06:58:30,1121,567.5
11,2025-06-21 15:18:00,2025-06-21 22:01:30,654,404.0
1,2025-05-28 09:07:00,2025-05-28 12:43:30,430,217.0
17,2025-06-23 04:24:30,2025-06-23 07:43:30,243,199.5
2,2025-06-19 03:12:30,2025-06-19 06:29:00,357,197.0
32,2025-08-26 18:20:30,2025-08-26 20:53:00,89,153.0
13,2025-06-21 22:25:00,2025-06-22 00:21:30,103,117.0
33,2025-08-27 10:34:00,2025-08-27 11:36:30,105,63.0
27,2025-08-26 15:53:00,2025-08-26 16:42:00,28,49.5
37,2025-08-31 01:27:30,2025-08-31 02:16:00,79,49.0
34,2025-08-28 10:36:30,2025-08-28 11:09:00,49,33.0
46,2025-09-02 12:45:00,2025-09-02 13:10:30,11,26.0
28,2025-08-26 16:49:30,2025-08-26 17:07:00,9,18.0
55,2025-09-02 15:04:00,2025-09-02 15:20:30,9,17.0
26,2025-08-26 15:33:00,2025-08-26 15:47:30,6,15.0
8,2025-06-21 14:10:30,2025-06-21 14:25:00,16,15.0
49,2025-09-02 13:38:30,2025-09-02 13:46:30,3,8.5
10,2025-06-21 15:04:00,2025-06-21 15:12:00,4,8.5
5,2025-06-21 13:36:30,2025-06-21 13:44:00,8,8.0
23,2025-08-26 11:08:30,2025-08-26 11:16:00,6,8.0
62,2025-09-07 17:33:30,2025-09-07 17:40:00,7,7.0
50,2025-09-02 13:54:00,2025-09-02 14:00:30,3,7.0
6,2025-06-21 13:54:30,2025-06-21 13:59:30,5,5.5
52,2025-09-02 14:22:30,2025-09-02 14:27:00,2,5.0
25,2025-08-26 15:22:30,2025-08-26 15:27:00,3,5.0
61,2025-09-07 08:08:00,2025-09-07 08:12:00,7,4.5
12,2025-06-21 22:12:00,2025-06-21 22:15:00,4,3.5
31,2025-08-26 18:10:30,2025-08-26 18:13:00,3,3.0
20,2025-07-02 00:41:00,2025-07-02 00:43:00,5,2.5
43,2025-09-02 11:23:00,2025-09-02 11:25:00,2,2.5
48,2025-09-02 13:30:30,2025-09-02 13:32:30,3,2.5
24,2025-08-26 15:13:00,2025-08-26 15:14:30,2,2.0
30,2025-08-26 17:22:30,2025-08-26 17:23:00,2,1.0
19,2025-06-23 08:02:00,2025-06-23 08:02:30,2,1.0
29,2025-08-26 17:14:00,2025-08-26 17:14:30,2,1.0
35,2025-08-31 00:20:00,2025-08-31 00:20:30,2,1.0
14,2025-06-22 00:30:00,2025-06-22 00:30:00,1,0.5
18,2025-06-23 07:50:00,2025-06-23 07:50:00,1,0.5
15,2025-06-22 15:59:00,2025-06-22 15:59:00,1,0.5
22,2025-08-26 11:00:30,2025-08-26 11:00:30,1,0.5
4,2025-06-21 13:13:30,2025-06-21 13:13:30,1,0.5
3,2025-06-21 12:57:30,2025-06-21 12:57:30,1,0.5
7,2025-06-21 14:05:00,2025-06-21 14:05:00,1,0.5
9,2025-06-21 14:40:00,2025-06-21 14:40:00,1,0.5
38,2025-09-02 08:43:00,2025-09-02 08:43:00,1,0.5
45,2025-09-02 12:39:30,2025-09-02 12:39:30,1,0.5
44,2025-09-02 12:07:30,2025-09-02 12:07:30,1,0.5
41,2025-09-02 10:01:30,2025-09-02 10:01:30,1,0.5
42,2025-09-02 10:08:30,2025-09-02 10:08:30,1,0.5
40,2025-09-02 09:54:00,2025-09-02 09:54:00,1,0.5
39,2025-09-02 09:31:30,2025-09-02 09:31:30,1,0.5
36,2025-08-31 00:35:00,2025-08-31 00:35:00,1,0.5
47,2025-09-02 13:24:00,2025-09-02 13:24:00,1,0.5
54,2025-09-02 14:51:30,2025-09-02 14:51:30,1,0.5
53,2025-09-02 14:38:30,2025-09-02 14:38:30,1,0.5
51,2025-09-02 14:11:00,2025-09-02 14:11:00,1,0.5
56,2025-09-02 15:39:30,2025-09-02 15:39:30,1,0.5
58,2025-09-02 16:52:00,2025-09-02 16:52:00,1,0.5
57,2025-09-02 16:41:30,2025-09-02 16:41:30,1,0.5
60,2025-09-07 01:08:30,2025-09-07 01:08:30,1,0.5
59,2025-09-02 20:01:00,2025-09-02 20:01:00,1,0.5
