alarm_time,hit,first_anom,lead_minutes
2025-05-01 08:36:13,False,,
2025-05-03 19:08:19,False,,
2025-05-03 21:14:00,False,,
2025-05-03 21:31:38,False,,
2025-05-03 21:59:38,False,,
2025-05-07 15:08:34,False,,
2025-05-22 15:25:54,True,2025-05-22 17:19:00,-113.1
2025-05-22 15:42:22,True,2025-05-22 17:19:00,-96.63333333333334
2025-05-26 21:29:14,True,2025-05-26 08:08:30,800.7333333333333
2025-05-26 21:31:00,True,2025-05-26 08:08:30,802.5
2025-05-29 12:43:44,True,2025-05-28 12:44:00,1439.7333333333333
2025-05-29 12:43:48,True,2025-05-28 12:44:00,1439.8
2025-05-31 06:12:15,True,2025-05-30 20:01:30,610.75
2025-05-31 06:12:21,True,2025-05-30 20:01:30,610.85
2025-06-01 10:11:29,True,2025-05-31 10:11:30,1439.9833333333333
2025-06-01 10:11:35,True,2025-05-31 10:12:00,1439.5833333333333
2025-06-17 16:47:23,True,2025-06-17 16:49:00,-1.6166666666666667
2025-06-17 16:49:43,True,2025-06-17 16:49:00,0.7166666666666667
2025-07-24 16:14:37,True,2025-07-24 16:15:00,-0.38333333333333336
2025-08-08 15:31:18,False,,
