trial_id,score_val_loss,filters_1,filters_2,kernel_1,kernel_2,dropout,lr,stride_1,stride_2
05,1.3684839359484613e-05,32,8,5,7,0.0,0.001,1,1
14,1.8537028154241852e-05,32,8,5,3,0.0,0.0001,1,1
13,3.164144800393842e-05,64,16,9,9,0.0,0.0001,2,1
07,5.022987170377746e-05,64,16,5,9,0.0,0.0001,2,2
16,0.0001355658459942788,8,8,7,9,0.0,0.0001,2,1
03,0.0003945422067772597,16,8,3,7,0.1,0.0001,1,2
02,0.0010803891345858574,16,16,9,9,0.4,0.0001,1,1
18,0.0024372655898332596,64,16,9,5,0.2,0.001,2,2
00,0.003155698999762535,64,16,7,3,0.4,0.0001,1,2
19,0.0038978643715381622,64,16,5,3,0.4,0.0003,2,1
12,0.004327649250626564,32,64,3,5,0.1,0.0003,2,2
06,0.004403948318213224,32,16,9,5,0.1,0.001,2,1
11,0.0049293991178274155,64,32,9,9,0.2,0.0001,2,2
15,0.005301423370838165,32,64,3,9,0.4,0.003,2,2
09,0.007625184487551451,16,16,7,9,0.2,0.001,2,1
01,0.011846981011331081,16,16,9,3,0.4,0.001,2,1
08,0.013863639906048775,8,16,7,3,0.30000000000000004,0.001,2,2
17,0.016562677919864655,64,64,3,5,0.2,0.0001,2,1
10,0.01998344250023365,8,32,7,5,0.4,0.003,2,1
04,0.042385656386613846,8,64,9,3,0.4,0.003,1,1
