start,end,n_points,maxabsz_954005_624_PI_0319,maxabsz_954005_624_PI_0315,maxabsz_954005_624_PDI_0302,max_abs_z_overall,best_col
2025-08-26 22:18:30,2025-08-26 22:20:00,4,2.3105446052804695,7.652009883396258,243.68582084854003,243.68582084854003,954005_624_PDI_0302
2025-08-27 00:37:30,2025-08-27 00:54:30,35,2.3105446052804695,0.9181411024595181,3.4201925138850466,3.4201925138850466,954005_624_PDI_0302
2025-08-27 01:51:00,2025-08-27 01:56:00,11,2.3105446052804695,1.0321616792246688,0.3870741560794493,2.3105446052804695,954005_624_PI_0319
2025-08-27 07:39:30,2025-08-27 07:44:00,10,1.3154850575492476,1.8388504287656342,0.3949316961916447,1.8388504287656342,954005_624_PI_0315
2025-10-17 13:49:00,2025-10-17 13:54:00,11,1.91554659135692,6.0883916067414585,6.100752521852961,6.100752521852961,954005_624_PDI_0302
2025-10-22 18:18:30,2025-10-22 18:22:30,9,0.5921878168977063,1.1630771266410636,0.4751915472383501,1.1630771266410636,954005_624_PI_0315
2025-12-11 05:49:30,2025-12-11 05:53:00,8,0.9650432422631501,1.9366689920291182,5.838771637690658,5.838771637690658,954005_624_PDI_0302
2025-12-15 07:17:30,2025-12-15 07:21:30,9,0.955467886257461,5.620408343539847,3.196889833889374,5.620408343539847,954005_624_PI_0315
2025-12-16 01:31:00,2025-12-16 01:35:30,10,0.9822741439924305,1.8119357837843277,1.6553353140605125,1.8119357837843277,954005_624_PI_0315
2025-12-16 05:22:00,2025-12-16 05:26:00,9,0.9822741439924305,5.43162638606236,1.5601119573769204,5.43162638606236,954005_624_PI_0315
2025-12-16 21:31:00,2025-12-16 21:35:00,9,1.4597935359257626,0.9939481814643917,1.0693403250855524,1.4597935359257626,954005_624_PI_0319
2025-12-24 10:54:30,2025-12-24 10:59:00,10,1.9646715385264104,3.4849145163951385,2.874343328086911,3.4849145163951385,954005_624_PI_0315
2026-01-21 11:59:30,2026-01-21 11:59:30,1,1217.0942163895338,20.093576458034615,36.44738854389944,1217.0942163895338,954005_624_PI_0319
2026-02-02 14:35:30,2026-02-02 14:40:30,11,0.42994778107558884,1.707298940958278,2.614345925085155,2.614345925085155,954005_624_PDI_0302
2026-02-08 10:29:00,2026-02-08 10:34:00,11,16.795067892422505,2.9859671413103452,2.2113531645609643,16.795067892422505,954005_624_PI_0319
2026-03-10 10:23:00,2026-03-10 10:42:00,21,13.223249119469207,0.8872568313509981,0.4691377846288777,13.223249119469207,954005_624_PI_0319
2026-03-11 09:32:30,2026-03-11 09:38:00,12,8.968410052766655,4.801253353240747,1.8297630278477814,8.968410052766655,954005_624_PI_0319
2026-03-17 18:50:30,2026-03-17 18:55:00,10,9.25610159496475,0.8328978886654137,1.9941594694432072,9.25610159496475,954005_624_PI_0319
2026-03-18 08:15:00,2026-03-18 08:15:00,1,8.13732166198463,1.0895845546443095,5.321832770019626,8.13732166198463,954005_624_PI_0319
2026-03-20 14:08:30,2026-03-20 14:11:30,7,12.946444191855845,5.360247584029538,5.854662583265401,12.946444191855845,954005_624_PI_0319
2026-03-23 21:39:00,2026-03-23 21:43:00,9,0.1572991705154704,4.139936660626881,7.22102282234463,7.22102282234463,954005_624_PDI_0302
2026-03-27 06:50:00,2026-03-27 06:55:00,11,11.124108562260778,1.53674149146664,2.616043778043192,11.124108562260778,954005_624_PI_0319
2026-03-27 21:23:00,2026-03-27 21:23:00,1,0.1712453693156899,1.3221096826453023,5.06115007522453,5.06115007522453,954005_624_PDI_0302
2026-04-10 23:03:00,2026-04-10 23:09:00,13,3.8367188694052743,4.78943305513556,1.8602309336364418,4.78943305513556,954005_624_PI_0315
2026-04-11 08:57:00,2026-04-11 09:01:30,10,7.333952939614032,2.0876529658853955,4.564506289855585,7.333952939614032,954005_624_PI_0319
2026-04-11 10:20:30,2026-04-11 10:25:00,10,7.9649735576262195,1.902490566881418,4.564506289855585,7.9649735576262195,954005_624_PI_0319
2026-04-12 17:33:30,2026-04-12 17:38:30,11,7.566588900032594,3.911369367672371,3.9822017047312497,7.566588900032594,954005_624_PI_0319
2026-04-20 00:29:30,2026-04-20 00:34:30,11,8.199685011029427,2.974562234706911,1.8708270531659579,8.199685011029427,954005_624_PI_0319
2026-04-20 08:40:30,2026-04-20 08:45:30,11,9.70362250702155,3.2701742358773958,2.5559664992515536,9.70362250702155,954005_624_PI_0319
2026-04-21 01:43:00,2026-04-21 01:55:30,26,0.2060147897534516,1.174466985302133,1.540899757914595,1.540899757914595,954005_624_PDI_0302
2026-04-21 04:35:30,2026-04-21 04:55:30,41,,,,0.0,
2026-04-22 00:10:00,2026-04-22 00:55:30,92,,,,0.0,
