start,end,duration_min,near_alarm
2024-08-30 22:19:30,2024-08-30 22:25:00,6.0,False
2024-08-31 02:56:00,2024-08-31 02:59:30,4.0,False
2024-09-01 13:25:30,2024-09-01 13:30:30,5.5,True
2024-09-03 12:23:30,2024-09-03 12:27:00,4.0,True
2024-09-03 13:53:00,2024-09-03 13:53:30,1.0,True
2024-09-04 21:33:00,2024-09-04 21:38:00,5.5,False
2024-09-07 05:41:00,2024-09-07 05:41:00,0.5,False
2024-09-08 13:14:00,2024-09-08 13:18:00,4.5,True
2024-09-10 10:58:30,2024-09-10 11:02:30,4.5,True
2024-09-10 22:54:00,2024-09-10 22:54:00,0.5,True
2024-09-11 06:31:30,2024-09-11 06:34:30,3.5,True
2024-09-11 18:25:00,2024-09-11 18:29:00,4.5,False
2024-09-11 20:37:00,2024-09-11 20:37:00,0.5,False
2024-09-12 12:11:30,2024-09-12 12:11:30,0.5,True
2024-09-14 00:14:30,2024-09-14 00:46:30,32.5,True
2024-09-14 01:07:00,2024-09-14 01:16:00,9.5,True
2024-09-16 11:42:30,2024-09-16 11:47:00,5.0,True
2024-09-16 13:22:00,2024-09-16 13:25:00,3.5,True
2024-09-16 19:21:00,2024-09-16 19:21:00,0.5,True
2024-09-24 14:19:00,2024-09-24 14:26:30,8.0,False
2024-09-26 05:37:30,2024-09-26 05:47:30,10.5,False
2024-09-26 21:56:30,2024-09-26 21:59:30,3.5,False
2024-09-27 18:36:30,2024-09-27 18:36:30,0.5,False
2024-09-30 18:04:30,2024-09-30 18:07:30,3.5,False
2024-09-30 19:08:30,2024-09-30 19:08:30,0.5,False
2024-10-02 20:03:00,2024-10-02 20:03:00,0.5,False
2024-10-09 23:47:00,2024-10-09 23:47:00,0.5,True
2024-10-10 06:38:30,2024-10-10 06:39:00,1.0,True
2024-10-10 17:25:00,2024-10-10 17:29:00,4.5,True
2024-10-11 11:49:30,2024-10-11 11:54:00,5.0,True
2024-10-14 03:18:30,2024-10-14 03:23:00,5.0,True
2024-10-14 07:25:30,2024-10-14 07:28:30,3.5,True
2024-10-15 23:42:00,2024-10-15 23:43:30,2.0,False
2024-10-22 23:10:00,2024-10-22 23:10:00,0.5,True
2024-10-23 00:09:00,2024-10-23 00:09:30,1.0,True
2024-10-23 00:19:00,2024-10-23 00:19:00,0.5,True
2024-10-24 14:16:30,2024-10-24 14:19:30,3.5,False
2024-10-25 10:37:30,2024-10-25 10:41:30,4.5,False
2024-10-26 04:42:00,2024-10-26 04:42:30,1.0,False
2024-10-27 04:47:00,2024-10-27 04:48:30,2.0,True
2024-10-27 11:05:30,2024-10-27 11:07:00,2.0,True
2024-10-27 21:19:00,2024-10-27 21:19:30,1.0,True
2024-10-28 02:59:00,2024-10-28 02:59:30,1.0,True
2024-10-31 11:09:30,2024-10-31 11:10:00,1.0,True
2024-10-31 13:08:30,2024-10-31 13:08:30,0.5,True
2024-11-01 07:45:30,2024-11-01 07:49:30,4.5,True
2024-11-02 23:08:00,2024-11-02 23:08:00,0.5,True
2024-11-03 12:15:00,2024-11-03 12:19:30,5.0,True
2024-11-04 07:36:30,2024-11-04 07:40:30,4.5,True
2024-11-06 14:31:00,2024-11-06 14:31:00,0.5,False
2024-11-07 19:56:30,2024-11-07 19:56:30,0.5,True
2024-11-07 22:12:00,2024-11-07 22:12:00,0.5,True
2024-11-11 09:21:00,2024-11-11 09:24:00,3.5,True
2024-11-15 01:45:30,2024-11-15 01:45:30,0.5,False
2024-12-11 14:45:30,2024-12-11 14:48:00,3.0,False
2024-12-12 12:09:00,2024-12-12 12:14:00,5.5,False
2024-12-12 14:34:30,2024-12-12 14:34:30,0.5,False
2024-12-14 15:24:30,2024-12-14 15:32:00,8.0,True
2024-12-15 14:06:00,2024-12-15 14:06:00,0.5,True
2024-12-15 21:31:30,2024-12-15 21:38:30,7.5,True
2024-12-15 23:15:00,2024-12-15 23:19:30,5.0,True
2024-12-16 17:37:00,2024-12-16 17:45:30,9.0,False
2024-12-20 17:17:30,2024-12-20 17:17:30,0.5,False
2025-01-08 10:37:30,2025-01-08 10:37:30,0.5,False
2025-01-08 11:51:00,2025-01-08 11:54:30,4.0,False
2025-01-15 16:14:30,2025-01-15 16:19:00,5.0,False
2025-01-16 15:44:00,2025-01-16 15:48:00,4.5,True
2025-01-17 22:55:30,2025-01-17 23:00:30,5.5,True
2025-01-18 04:18:30,2025-01-18 04:24:00,6.0,True
2025-01-20 19:19:30,2025-01-20 19:25:00,6.0,True
2025-01-20 22:02:00,2025-01-20 22:02:30,1.0,True
2025-01-24 13:33:30,2025-01-24 13:36:30,3.5,False
2025-01-25 11:10:00,2025-01-25 11:17:00,7.5,False
2025-01-28 20:08:00,2025-01-28 20:12:00,4.5,True
2025-01-29 21:46:00,2025-01-29 21:51:00,5.5,True
2025-01-30 02:34:00,2025-01-30 02:34:30,1.0,True
2025-01-30 10:20:30,2025-01-30 10:20:30,0.5,True
2025-01-30 15:45:30,2025-01-30 15:45:30,0.5,True
2025-01-30 22:40:00,2025-01-30 22:45:00,5.5,True
2025-01-31 05:51:30,2025-01-31 05:56:00,5.0,True
2025-01-31 13:42:30,2025-01-31 13:42:30,0.5,True
2025-01-31 21:21:00,2025-01-31 21:22:00,1.5,True
2025-01-31 22:56:30,2025-01-31 22:56:30,0.5,True
2025-02-21 06:07:30,2025-02-21 06:13:30,6.5,False
2025-02-22 02:07:00,2025-02-22 02:13:00,6.5,False
2025-02-22 23:40:00,2025-02-22 23:40:00,0.5,False
2025-02-27 21:38:30,2025-02-27 21:45:30,7.5,False
2025-02-28 17:38:30,2025-02-28 17:45:30,7.5,False
2025-03-09 02:46:00,2025-03-09 02:53:30,8.0,False
2025-03-09 22:47:30,2025-03-09 22:52:30,5.5,False
2025-03-11 12:42:30,2025-03-11 12:42:30,0.5,False
2025-03-11 20:09:30,2025-03-11 20:15:00,6.0,False
2025-03-18 01:48:00,2025-03-18 01:49:30,2.0,True
2025-03-18 04:24:30,2025-03-18 04:36:00,12.0,True
2025-03-18 04:42:00,2025-03-18 04:48:00,6.5,True
2025-03-18 09:52:00,2025-03-18 09:52:00,0.5,True
2025-03-18 17:55:00,2025-03-18 17:56:30,2.0,True
2025-03-18 23:51:30,2025-03-18 23:59:30,8.5,True
2025-03-19 19:50:30,2025-03-19 19:58:30,8.5,False
2025-03-26 01:46:00,2025-03-26 01:49:30,4.0,False
2025-03-31 12:24:00,2025-03-31 12:31:00,7.5,False
2025-04-01 08:23:00,2025-04-01 08:30:30,8.0,False
2025-04-03 08:22:00,2025-04-03 08:22:00,0.5,False
2025-04-03 09:28:00,2025-04-03 09:29:00,1.5,False
2025-04-07 10:09:00,2025-04-07 10:09:00,0.5,False
2025-04-09 15:32:30,2025-04-09 15:39:30,7.5,True
2025-04-10 12:33:30,2025-04-10 12:37:30,4.5,True
2025-04-10 21:39:30,2025-04-10 23:07:00,88.0,True
2025-04-13 14:20:30,2025-04-13 14:29:30,9.5,False
2025-04-14 10:18:30,2025-04-14 10:28:30,10.5,False
2025-04-15 21:11:30,2025-04-15 21:19:00,8.0,False
2025-04-15 22:42:00,2025-04-15 22:43:30,2.0,False
2025-04-16 17:13:00,2025-04-16 17:17:00,4.5,False
2025-04-17 07:36:30,2025-04-17 07:42:00,6.0,True
2025-04-17 09:15:30,2025-04-17 09:15:30,0.5,True
2025-04-17 11:10:30,2025-04-17 11:12:00,2.0,True
2025-04-17 14:02:00,2025-04-17 14:11:30,10.0,True
2025-04-17 16:53:30,2025-04-17 16:56:00,3.0,True
2025-04-17 19:51:30,2025-04-17 19:55:30,4.5,True
2025-04-18 01:55:00,2025-04-18 01:59:30,5.0,True
2025-04-18 15:26:30,2025-04-18 15:35:30,9.5,True
2025-04-19 11:13:00,2025-04-19 11:35:00,22.5,True
2025-04-19 15:12:30,2025-04-19 15:13:00,1.0,True
2025-04-22 12:41:00,2025-04-22 12:45:00,4.5,False
2025-04-23 08:39:30,2025-04-23 08:43:30,4.5,False
2025-04-26 05:26:00,2025-04-26 05:32:00,6.5,False
2025-04-27 12:30:00,2025-04-27 12:30:30,1.0,False
2025-04-27 14:02:30,2025-04-27 14:07:00,5.0,False
2025-04-27 23:47:00,2025-04-27 23:55:00,8.5,False
2025-04-28 19:45:30,2025-04-28 19:54:00,9.0,False
2025-05-22 19:45:00,2025-05-22 19:50:30,6.0,True
2025-05-27 00:12:00,2025-05-27 00:16:00,4.5,True
2025-05-28 19:22:00,2025-05-28 19:26:30,5.0,True
2025-05-29 22:12:00,2025-05-29 22:15:30,4.0,True
2025-05-30 18:01:00,2025-05-30 18:05:00,4.5,True
2025-05-30 22:14:30,2025-05-30 22:19:00,5.0,True
2025-05-31 06:12:00,2025-05-31 06:12:30,1.0,True
2025-05-31 17:20:00,2025-05-31 17:20:30,1.0,True
2025-06-01 23:34:30,2025-06-01 23:34:30,0.5,True
2025-06-21 00:13:30,2025-06-21 00:17:30,4.5,True
2025-07-01 03:14:30,2025-07-01 03:22:00,8.0,False
2025-07-01 23:16:30,2025-07-01 23:21:00,5.0,False
2025-07-02 00:39:30,2025-07-02 00:39:30,0.5,False
2025-07-02 01:37:30,2025-07-02 01:39:00,2.0,False
2025-07-24 17:16:30,2025-07-25 16:15:00,1379.0,True
2025-08-17 18:20:00,2025-08-17 18:20:00,0.5,False
2025-08-18 05:25:30,2025-08-18 05:30:00,5.0,False
2025-08-18 08:24:30,2025-08-18 08:31:00,7.0,False
2025-08-19 04:23:00,2025-08-19 04:29:30,7.0,False
2025-08-24 22:57:30,2025-08-24 23:03:00,6.0,False
2025-08-26 22:18:30,2025-08-26 22:20:00,2.0,False
2025-08-27 00:37:30,2025-08-27 00:54:30,17.5,False
2025-08-27 01:51:00,2025-08-27 01:56:00,5.5,False
2025-08-27 07:39:30,2025-08-27 07:44:00,5.0,False
2025-08-28 06:06:30,2025-08-28 06:11:00,5.0,False
2025-08-31 04:30:00,2025-08-31 04:34:30,5.0,False
2025-08-31 09:12:30,2025-08-31 09:30:00,18.0,False
2025-08-31 10:34:30,2025-08-31 10:35:30,1.5,False
2025-08-31 15:43:00,2025-08-31 15:45:30,3.0,False
2025-09-07 01:06:00,2025-09-07 01:06:00,0.5,False
2025-09-07 02:09:30,2025-09-07 02:42:00,33.0,False
2025-09-07 04:58:00,2025-09-07 05:10:00,12.5,False
2025-09-07 12:07:00,2025-09-07 12:11:30,5.0,False
2025-09-08 02:09:00,2025-09-08 02:13:30,5.0,False
2025-10-02 13:58:00,2025-10-02 14:09:30,12.0,False
2025-10-02 16:58:30,2025-10-02 17:08:30,10.5,False
2025-10-02 21:22:00,2025-10-02 21:32:00,10.5,False
2025-10-09 11:21:00,2025-10-09 15:21:00,240.5,False
2025-10-15 09:25:00,2025-10-15 09:30:30,6.0,False
2025-10-15 18:35:00,2025-10-15 18:51:00,16.5,False
2025-10-17 13:49:00,2025-10-17 13:54:00,5.5,False
2025-10-20 23:13:30,2025-10-20 23:17:30,4.5,True
2025-10-21 22:17:30,2025-10-21 22:23:00,6.0,False
2025-10-22 18:18:30,2025-10-22 18:22:30,4.5,False
2025-11-16 00:27:30,2025-11-16 00:33:00,6.0,False
2025-11-26 08:19:30,2025-11-26 08:26:00,7.0,False
2025-12-02 12:51:30,2025-12-02 12:56:00,5.0,False
2025-12-08 07:05:00,2025-12-08 07:09:30,5.0,False
2025-12-09 02:57:00,2025-12-09 03:02:00,5.5,False
2025-12-09 03:05:30,2025-12-09 03:15:30,10.5,False
2025-12-11 05:49:30,2025-12-11 05:53:00,4.0,False
2025-12-11 22:05:30,2025-12-11 22:09:30,4.5,False
2025-12-12 01:05:30,2025-12-12 01:09:00,4.0,False
2025-12-12 05:47:30,2025-12-12 05:48:00,1.0,False
2025-12-12 10:56:00,2025-12-12 11:10:30,15.0,False
2025-12-14 01:04:00,2025-12-14 01:07:30,4.0,False
2025-12-15 07:17:30,2025-12-15 07:21:30,4.5,False
2025-12-16 01:31:00,2025-12-16 01:35:30,5.0,False
2025-12-16 05:22:00,2025-12-16 05:26:00,4.5,False
2025-12-16 21:31:00,2025-12-16 21:35:00,4.5,False
2025-12-24 10:54:30,2025-12-24 10:59:00,5.0,False
2025-12-28 12:26:00,2025-12-28 12:26:00,0.5,False
2026-01-15 12:54:30,2026-01-15 13:45:00,51.0,True
2026-01-21 11:59:30,2026-01-21 11:59:30,0.5,False
2026-01-29 12:35:00,2026-01-29 12:35:00,0.5,True
2026-01-29 13:56:00,2026-01-29 13:56:30,1.0,True
2026-01-29 14:33:00,2026-01-29 14:38:00,5.5,True
2026-01-31 21:57:00,2026-01-31 22:02:00,5.5,False
2026-02-02 14:35:30,2026-02-02 14:40:30,5.5,False
2026-02-03 18:51:30,2026-02-03 18:55:30,4.5,False
2026-02-05 02:23:30,2026-02-05 02:23:30,0.5,False
2026-02-08 10:29:00,2026-02-08 10:34:00,5.5,False
2026-02-09 10:55:00,2026-02-09 11:00:00,5.5,False
2026-02-09 14:33:30,2026-02-09 14:33:30,0.5,True
2026-02-09 15:34:00,2026-02-09 15:35:00,1.5,True
2026-02-10 05:07:00,2026-02-10 05:12:00,5.5,True
2026-02-10 05:18:30,2026-02-10 05:18:30,0.5,True
2026-02-10 13:51:00,2026-02-10 13:53:00,2.5,True
2026-02-10 19:44:30,2026-02-10 19:47:30,3.5,True
2026-02-11 19:04:00,2026-02-11 19:05:00,1.5,True
2026-02-12 12:55:30,2026-02-12 12:55:30,0.5,True
2026-02-14 16:38:00,2026-02-14 16:38:30,1.0,False
2026-02-14 17:41:00,2026-02-14 17:42:30,2.0,False
2026-02-14 19:56:30,2026-02-14 19:58:00,2.0,False
2026-02-24 11:01:00,2026-02-24 11:01:00,0.5,True
2026-02-25 02:00:00,2026-02-25 02:01:00,1.5,True
2026-02-25 06:11:00,2026-02-25 06:15:30,5.0,True
2026-02-25 19:59:00,2026-02-25 20:03:00,4.5,True
2026-02-26 07:44:30,2026-02-26 07:47:00,3.0,True
2026-02-27 00:05:30,2026-02-27 00:12:00,7.0,False
2026-02-27 00:21:30,2026-02-27 00:26:30,5.5,False
2026-02-27 00:52:30,2026-02-27 00:57:30,5.5,False
2026-02-27 00:59:00,2026-02-27 01:04:30,6.0,False
2026-02-27 01:11:30,2026-02-27 01:15:30,4.5,False
2026-02-27 01:24:30,2026-02-27 01:28:30,4.5,False
2026-02-27 10:50:30,2026-02-27 10:54:30,4.5,False
2026-02-28 06:08:00,2026-02-28 06:13:00,5.5,False
2026-03-09 14:36:30,2026-03-09 14:42:30,6.5,False
2026-03-10 10:23:00,2026-03-10 10:27:30,5.0,False
2026-03-10 10:37:00,2026-03-10 10:42:00,5.5,False
2026-03-11 09:32:30,2026-03-11 09:38:00,6.0,False
2026-03-12 19:54:00,2026-03-12 19:56:00,2.5,True
2026-03-13 10:34:00,2026-03-13 10:38:30,5.0,True
2026-03-13 15:11:30,2026-03-13 15:19:00,8.0,True
2026-03-13 18:18:00,2026-03-13 18:19:00,1.5,True
2026-03-14 00:15:00,2026-03-14 00:17:30,3.0,True
2026-03-16 02:08:30,2026-03-16 02:08:30,0.5,True
2026-03-16 03:20:30,2026-03-16 03:22:00,2.0,True
2026-03-16 19:02:00,2026-03-16 19:04:00,2.5,True
2026-03-16 20:06:00,2026-03-16 20:06:00,0.5,True
2026-03-16 21:15:30,2026-03-16 21:23:30,8.5,True
2026-03-17 11:14:00,2026-03-17 11:14:30,1.0,True
2026-03-17 18:50:30,2026-03-17 18:55:00,5.0,False
2026-03-18 08:15:00,2026-03-18 08:15:00,0.5,False
2026-03-20 14:08:30,2026-03-20 14:11:30,3.5,False
2026-03-23 21:39:00,2026-03-23 21:43:00,4.5,False
2026-03-25 19:01:00,2026-03-25 19:06:30,6.0,True
2026-03-27 06:50:00,2026-03-27 06:55:00,5.5,False
2026-03-27 21:23:00,2026-03-27 21:23:00,0.5,False
2026-03-29 10:28:30,2026-03-29 10:33:00,5.0,False
2026-04-08 07:39:30,2026-04-08 07:40:00,1.0,True
2026-04-08 09:45:00,2026-04-08 09:51:00,6.5,True
2026-04-08 13:21:00,2026-04-08 13:29:30,9.0,True
2026-04-08 15:07:30,2026-04-08 15:12:30,5.5,True
2026-04-08 21:30:00,2026-04-08 21:42:00,12.5,True
2026-04-08 23:33:30,2026-04-08 23:38:00,5.0,True
2026-04-10 23:03:00,2026-04-10 23:09:00,6.5,False
2026-04-11 08:57:00,2026-04-11 09:01:30,5.0,False
2026-04-11 10:20:30,2026-04-11 10:25:00,5.0,False
2026-04-12 17:33:30,2026-04-12 17:38:30,5.5,False
2026-04-13 20:10:00,2026-04-13 20:14:30,5.0,True
2026-04-13 22:22:30,2026-04-13 22:25:00,3.0,True
2026-04-15 14:37:30,2026-04-15 14:38:30,1.5,True
2026-04-15 16:02:00,2026-04-15 18:44:00,162.5,True
2026-04-16 02:39:00,2026-04-16 02:39:30,1.0,True
2026-04-20 00:29:30,2026-04-20 00:34:30,5.5,False
2026-04-20 08:40:30,2026-04-20 08:45:30,5.5,False
2026-04-21 01:43:00,2026-04-21 01:55:30,13.0,False
2026-04-21 04:35:30,2026-04-21 04:55:30,20.5,False
2026-04-22 00:10:00,2026-04-22 00:55:30,46.0,False
