time,near_other_sensor,nearest_tag,nearest_dist_h
2025-07-01 03:14:30,True,PAL_6240315,2.731388888888889
2025-07-01 03:15:00,True,PAL_6240315,2.7397222222222224
2025-07-01 03:15:30,True,PAL_6240315,2.7480555555555557
2025-07-01 03:16:00,True,PAL_6240315,2.756388888888889
2025-07-01 03:16:30,True,PAL_6240315,2.7647222222222223
2025-07-01 03:17:00,True,PAL_6240315,2.7730555555555556
2025-07-01 03:17:30,True,PAL_6240315,2.781388888888889
2025-07-01 03:18:00,True,PAL_6240315,2.789722222222222
2025-07-01 03:18:30,True,PAL_6240315,2.7980555555555555
2025-07-01 03:19:00,True,PAL_6240315,2.806388888888889
2025-07-01 03:19:30,True,PAL_6240315,2.814722222222222
2025-07-01 03:20:00,True,PAL_6240315,2.8230555555555554
2025-07-01 03:20:30,True,PAL_6240315,2.8313888888888887
2025-07-01 03:21:00,True,PAL_6240315,2.839722222222222
2025-07-01 03:21:30,True,PAL_6240315,2.8480555555555553
2025-07-01 03:22:00,True,PAL_6240315,2.856388888888889
2025-07-01 23:16:30,True,PI_6240319_AL,9.626944444444444
2025-07-01 23:17:00,True,PI_6240319_AL,9.635277777777778
2025-07-01 23:17:30,True,PI_6240319_AL,9.643611111111111
2025-07-01 23:18:00,True,PI_6240319_AL,9.651944444444444
2025-07-01 23:18:30,True,PI_6240319_AL,9.660277777777777
2025-07-01 23:19:00,True,PI_6240319_AL,9.668611111111112
2025-07-01 23:19:30,True,PI_6240319_AL,9.676944444444445
2025-07-01 23:20:00,True,PI_6240319_AL,9.685277777777777
2025-07-01 23:20:30,True,PI_6240319_AL,9.69361111111111
2025-07-01 23:21:00,True,PI_6240319_AL,9.701944444444445
2025-07-02 00:39:30,True,PI_6240319_AL,11.010277777777778
2025-07-02 01:37:30,True,PI_6240319_AL,11.976944444444445
2025-07-02 01:38:00,True,PI_6240319_AL,11.985277777777778
2025-07-02 01:38:30,True,PI_6240319_AL,11.993611111111111
2025-07-02 01:39:00,True,PI_6240319_AL,12.001944444444444
2025-07-25 16:15:00,True,PI_6240319_AL,23.990833333333335
2025-08-17 18:20:00,True,PI_6240319_AL,4.815555555555555
2025-08-18 05:25:30,True,PI_6240319_AL,3.2794444444444446
2025-08-18 05:26:00,True,PI_6240319_AL,3.2711111111111113
2025-08-18 05:26:30,True,PI_6240319_AL,3.262777777777778
2025-08-18 05:27:00,True,PI_6240319_AL,3.2544444444444443
2025-08-18 05:27:30,True,PI_6240319_AL,3.246111111111111
2025-08-18 05:28:00,True,PI_6240319_AL,3.2377777777777776
2025-08-18 05:28:30,True,PI_6240319_AL,3.2294444444444443
2025-08-18 05:29:00,True,PI_6240319_AL,3.221111111111111
2025-08-18 05:29:30,True,PI_6240319_AL,3.2127777777777777
2025-08-18 05:30:00,True,PI_6240319_AL,3.2044444444444444
2025-08-18 08:24:30,True,PI_6240319_AL,0.2961111111111111
2025-08-18 08:25:00,True,PI_6240319_AL,0.2877777777777778
2025-08-18 08:25:30,True,PI_6240319_AL,0.27944444444444444
2025-08-18 08:26:00,True,PI_6240319_AL,0.27111111111111114
2025-08-18 08:26:30,True,PI_6240319_AL,0.2627777777777778
2025-08-18 08:27:00,True,PI_6240319_AL,0.2544444444444444
2025-08-18 08:27:30,True,PI_6240319_AL,0.2461111111111111
2025-08-18 08:28:00,True,PI_6240319_AL,0.23777777777777778
2025-08-18 08:28:30,True,PI_6240319_AL,0.22944444444444445
2025-08-18 08:29:00,True,PI_6240319_AL,0.22111111111111112
2025-08-18 08:29:30,True,PI_6240319_AL,0.2127777777777778
2025-08-18 08:30:00,True,PI_6240319_AL,0.20444444444444446
2025-08-18 08:30:30,True,PI_6240319_AL,0.19611111111111112
2025-08-18 08:31:00,True,PI_6240319_AL,0.18777777777777777
2025-08-19 04:23:00,True,PI_6240319_AL,3.093611111111111
2025-08-19 04:23:30,True,PI_6240319_AL,3.085277777777778
2025-08-19 04:24:00,True,PI_6240319_AL,3.0769444444444445
2025-08-19 04:24:30,True,PI_6240319_AL,3.068611111111111
2025-08-19 04:25:00,True,PI_6240319_AL,3.060277777777778
2025-08-19 04:25:30,True,PI_6240319_AL,3.0519444444444446
2025-08-19 04:26:00,True,PI_6240319_AL,3.0436111111111113
2025-08-19 04:26:30,True,PI_6240319_AL,3.035277777777778
2025-08-19 04:27:00,True,PI_6240319_AL,3.0269444444444447
2025-08-19 04:27:30,True,PI_6240319_AL,3.018611111111111
2025-08-19 04:28:00,True,PI_6240319_AL,3.0102777777777776
2025-08-19 04:28:30,True,PI_6240319_AL,3.0019444444444443
2025-08-19 04:29:00,True,PI_6240319_AL,2.993611111111111
2025-08-19 04:29:30,True,PI_6240319_AL,2.9852777777777777
2025-08-24 22:57:30,True,PI_6240319_AL,0.9661111111111111
2025-08-24 22:58:00,True,PI_6240319_AL,0.9577777777777777
2025-08-24 22:58:30,True,PI_6240319_AL,0.9494444444444444
2025-08-24 22:59:00,True,PI_6240319_AL,0.9411111111111111
2025-08-24 22:59:30,True,PI_6240319_AL,0.9327777777777778
2025-08-24 23:00:00,True,PI_6240319_AL,0.9244444444444444
2025-08-24 23:00:30,True,PI_6240319_AL,0.9161111111111111
2025-08-24 23:01:00,True,PI_6240319_AL,0.9077777777777778
2025-08-24 23:01:30,True,PI_6240319_AL,0.8994444444444445
2025-08-24 23:02:00,True,PI_6240319_AL,0.8911111111111111
2025-08-24 23:02:30,True,PI_6240319_AL,0.8827777777777778
2025-08-24 23:03:00,True,PI_6240319_AL,0.8744444444444445
2025-08-26 22:18:30,False,PI_6240319_AL,38.384166666666665
2025-08-26 22:19:00,False,PI_6240319_AL,38.37583333333333
2025-08-26 22:19:30,False,PI_6240319_AL,38.3675
2025-08-26 22:20:00,False,PI_6240319_AL,38.35916666666667
2025-08-27 00:37:30,False,PI_6240319_AL,36.0675
2025-08-27 00:38:00,False,PI_6240319_AL,36.05916666666667
2025-08-27 00:38:30,False,PI_6240319_AL,36.05083333333334
2025-08-27 00:39:00,False,PI_6240319_AL,36.0425
2025-08-27 00:39:30,False,PI_6240319_AL,36.034166666666664
2025-08-27 00:40:00,False,PI_6240319_AL,36.02583333333333
2025-08-27 00:40:30,False,PI_6240319_AL,36.0175
2025-08-27 00:41:00,False,PI_6240319_AL,36.009166666666665
2025-08-27 00:41:30,False,PI_6240319_AL,36.00083333333333
2025-08-27 00:42:00,False,PI_6240319_AL,35.9925
2025-08-27 00:42:30,False,PI_6240319_AL,35.98416666666667
2025-08-27 00:43:00,False,PI_6240319_AL,35.975833333333334
2025-08-27 00:43:30,False,PI_6240319_AL,35.9675
2025-08-27 00:44:00,False,PI_6240319_AL,35.95916666666667
2025-08-27 00:44:30,False,PI_6240319_AL,35.950833333333335
2025-08-27 00:45:00,False,PI_6240319_AL,35.9425
2025-08-27 00:45:30,False,PI_6240319_AL,35.93416666666667
2025-08-27 00:46:00,False,PI_6240319_AL,35.92583333333334
2025-08-27 00:46:30,False,PI_6240319_AL,35.9175
2025-08-27 00:47:00,False,PI_6240319_AL,35.909166666666664
2025-08-27 00:47:30,False,PI_6240319_AL,35.90083333333333
2025-08-27 00:48:00,False,PI_6240319_AL,35.8925
2025-08-27 00:48:30,False,PI_6240319_AL,35.884166666666665
2025-08-27 00:49:00,False,PI_6240319_AL,35.87583333333333
2025-08-27 00:49:30,False,PI_6240319_AL,35.8675
2025-08-27 00:50:00,False,PI_6240319_AL,35.85916666666667
2025-08-27 00:50:30,False,PI_6240319_AL,35.850833333333334
2025-08-27 00:51:00,False,PI_6240319_AL,35.8425
2025-08-27 00:51:30,False,PI_6240319_AL,35.83416666666667
2025-08-27 00:52:00,False,PI_6240319_AL,35.825833333333335
2025-08-27 00:52:30,False,PI_6240319_AL,35.8175
2025-08-27 00:53:00,False,PI_6240319_AL,35.80916666666667
2025-08-27 00:53:30,False,PI_6240319_AL,35.80083333333334
2025-08-27 00:54:00,False,PI_6240319_AL,35.7925
2025-08-27 00:54:30,False,PI_6240319_AL,35.784166666666664
2025-08-27 01:51:00,False,PI_6240319_AL,34.8425
2025-08-27 01:51:30,False,PI_6240319_AL,34.83416666666667
2025-08-27 01:52:00,False,PI_6240319_AL,34.825833333333335
2025-08-27 01:52:30,False,PI_6240319_AL,34.8175
2025-08-27 01:53:00,False,PI_6240319_AL,34.80916666666667
2025-08-27 01:53:30,False,PI_6240319_AL,34.80083333333334
2025-08-27 01:54:00,False,PI_6240319_AL,34.7925
2025-08-27 01:54:30,False,PI_6240319_AL,34.784166666666664
2025-08-27 01:55:00,False,PI_6240319_AL,34.77583333333333
2025-08-27 01:55:30,False,PI_6240319_AL,34.7675
2025-08-27 01:56:00,False,PI_6240319_AL,34.759166666666665
2025-08-27 07:39:30,False,PI_6240319_AL,29.034166666666668
2025-08-27 07:40:00,False,PI_6240319_AL,29.025833333333335
2025-08-27 07:40:30,False,PI_6240319_AL,29.0175
2025-08-27 07:41:00,False,PI_6240319_AL,29.009166666666665
2025-08-27 07:41:30,False,PI_6240319_AL,29.000833333333333
2025-08-27 07:42:00,False,PI_6240319_AL,28.9925
2025-08-27 07:42:30,False,PI_6240319_AL,28.984166666666667
2025-08-27 07:43:00,False,PI_6240319_AL,28.975833333333334
2025-08-27 07:43:30,False,PI_6240319_AL,28.9675
2025-08-27 07:44:00,False,PI_6240319_AL,28.95916666666667
2025-08-28 06:06:30,True,PI_6240319_AL,6.5841666666666665
2025-08-28 06:07:00,True,PI_6240319_AL,6.575833333333334
2025-08-28 06:07:30,True,PI_6240319_AL,6.5675
2025-08-28 06:08:00,True,PI_6240319_AL,6.559166666666667
2025-08-28 06:08:30,True,PI_6240319_AL,6.550833333333333
2025-08-28 06:09:00,True,PI_6240319_AL,6.5425
2025-08-28 06:09:30,True,PI_6240319_AL,6.534166666666667
2025-08-28 06:10:00,True,PI_6240319_AL,6.525833333333333
2025-08-28 06:10:30,True,PI_6240319_AL,6.5175
2025-08-28 06:11:00,True,PI_6240319_AL,6.509166666666666
2025-08-31 04:30:00,True,PI_6240319_AL,7.658888888888889
2025-08-31 04:30:30,True,PI_6240319_AL,7.650555555555556
2025-08-31 04:31:00,True,PI_6240319_AL,7.642222222222222
2025-08-31 04:31:30,True,PI_6240319_AL,7.6338888888888885
2025-08-31 04:32:00,True,PI_6240319_AL,7.625555555555556
2025-08-31 04:32:30,True,PI_6240319_AL,7.617222222222222
2025-08-31 04:33:00,True,PI_6240319_AL,7.608888888888889
2025-08-31 04:33:30,True,PI_6240319_AL,7.600555555555555
2025-08-31 04:34:00,True,PI_6240319_AL,7.592222222222222
2025-08-31 04:34:30,True,PI_6240319_AL,7.583888888888889
2025-08-31 09:12:30,True,PI_6240319_AL,2.9505555555555554
2025-08-31 09:13:00,True,PI_6240319_AL,2.942222222222222
2025-08-31 09:13:30,True,PI_6240319_AL,2.9338888888888888
2025-08-31 09:14:00,True,PI_6240319_AL,2.9255555555555555
2025-08-31 09:14:30,True,PI_6240319_AL,2.917222222222222
2025-08-31 09:15:00,True,PI_6240319_AL,2.908888888888889
2025-08-31 09:15:30,True,PI_6240319_AL,2.9005555555555556
2025-08-31 09:16:00,True,PI_6240319_AL,2.8922222222222222
2025-08-31 09:16:30,True,PI_6240319_AL,2.883888888888889
2025-08-31 09:17:00,True,PI_6240319_AL,2.8755555555555556
2025-08-31 09:17:30,True,PI_6240319_AL,2.8672222222222223
2025-08-31 09:18:00,True,PI_6240319_AL,2.858888888888889
2025-08-31 09:18:30,True,PI_6240319_AL,2.8505555555555557
2025-08-31 09:19:00,True,PI_6240319_AL,2.8422222222222224
2025-08-31 09:19:30,True,PI_6240319_AL,2.8338888888888887
2025-08-31 09:20:00,True,PI_6240319_AL,2.8255555555555554
2025-08-31 09:20:30,True,PI_6240319_AL,2.817222222222222
2025-08-31 09:21:00,True,PI_6240319_AL,2.8088888888888888
2025-08-31 09:21:30,True,PI_6240319_AL,2.8005555555555555
2025-08-31 09:22:00,True,PI_6240319_AL,2.792222222222222
2025-08-31 09:22:30,True,PI_6240319_AL,2.783888888888889
2025-08-31 09:23:00,True,PI_6240319_AL,2.7755555555555556
2025-08-31 09:23:30,True,PI_6240319_AL,2.7672222222222222
2025-08-31 09:24:00,True,PI_6240319_AL,2.758888888888889
2025-08-31 09:24:30,True,PI_6240319_AL,2.7505555555555556
2025-08-31 09:25:00,True,PI_6240319_AL,2.7422222222222223
2025-08-31 09:25:30,True,PI_6240319_AL,2.733888888888889
2025-08-31 09:26:00,True,PI_6240319_AL,2.7255555555555557
2025-08-31 09:26:30,True,PI_6240319_AL,2.7172222222222224
2025-08-31 09:27:00,True,PI_6240319_AL,2.7088888888888887
2025-08-31 09:27:30,True,PI_6240319_AL,2.7005555555555554
2025-08-31 09:28:00,True,PI_6240319_AL,2.692222222222222
2025-08-31 09:28:30,True,PI_6240319_AL,2.6838888888888888
2025-08-31 09:29:00,True,PI_6240319_AL,2.6755555555555555
2025-08-31 09:29:30,True,PI_6240319_AL,2.667222222222222
2025-08-31 09:30:00,True,PI_6240319_AL,2.658888888888889
2025-08-31 10:34:30,True,PI_6240319_AL,1.583888888888889
2025-08-31 10:35:00,True,PI_6240319_AL,1.5755555555555556
2025-08-31 10:35:30,True,PI_6240319_AL,1.5672222222222223
2025-08-31 15:43:00,True,PAL_6240315,3.557777777777778
2025-08-31 15:43:30,True,PAL_6240315,3.5661111111111112
2025-08-31 15:44:00,True,PAL_6240315,3.5744444444444445
2025-08-31 15:44:30,True,PAL_6240315,3.582777777777778
2025-08-31 15:45:00,True,PAL_6240315,3.591111111111111
2025-08-31 15:45:30,True,PAL_6240315,3.5994444444444444
2025-09-07 01:06:00,True,PDAL_6240302,0.002777777777777778
2025-09-07 02:09:30,True,PI_6240319_AL,1.0277777777777777
2025-09-07 02:10:00,True,PI_6240319_AL,1.0361111111111112
2025-09-07 02:10:30,True,PI_6240319_AL,1.0444444444444445
2025-09-07 02:11:00,True,PI_6240319_AL,1.0527777777777778
2025-09-07 02:11:30,True,PI_6240319_AL,1.0611111111111111
2025-09-07 02:12:00,True,PI_6240319_AL,1.0694444444444444
2025-09-07 02:12:30,True,PI_6240319_AL,1.0777777777777777
2025-09-07 02:13:00,True,PI_6240319_AL,1.086111111111111
2025-09-07 02:13:30,True,PI_6240319_AL,1.0944444444444446
2025-09-07 02:14:00,True,PI_6240319_AL,1.1027777777777779
2025-09-07 02:14:30,True,PI_6240319_AL,1.1111111111111112
2025-09-07 02:15:00,True,PI_6240319_AL,1.1194444444444445
2025-09-07 02:15:30,True,PI_6240319_AL,1.1277777777777778
2025-09-07 02:16:00,True,PI_6240319_AL,1.136111111111111
2025-09-07 02:16:30,True,PI_6240319_AL,1.1444444444444444
2025-09-07 02:17:00,True,PI_6240319_AL,1.1527777777777777
2025-09-07 02:17:30,True,PI_6240319_AL,1.1611111111111112
2025-09-07 02:18:00,True,PI_6240319_AL,1.1694444444444445
2025-09-07 02:18:30,True,PI_6240319_AL,1.1777777777777778
2025-09-07 02:19:00,True,PI_6240319_AL,1.1861111111111111
2025-09-07 02:19:30,True,PI_6240319_AL,1.1944444444444444
2025-09-07 02:20:00,True,PI_6240319_AL,1.2027777777777777
2025-09-07 02:20:30,True,PI_6240319_AL,1.211111111111111
2025-09-07 02:21:00,True,PI_6240319_AL,1.2194444444444446
2025-09-07 02:21:30,True,PI_6240319_AL,1.2277777777777779
2025-09-07 02:22:00,True,PI_6240319_AL,1.2361111111111112
2025-09-07 02:22:30,True,PI_6240319_AL,1.2444444444444445
2025-09-07 02:23:00,True,PI_6240319_AL,1.2527777777777778
2025-09-07 02:23:30,True,PI_6240319_AL,1.261111111111111
2025-09-07 02:24:00,True,PI_6240319_AL,1.2694444444444444
2025-09-07 02:24:30,True,PI_6240319_AL,1.2777777777777777
2025-09-07 02:25:00,True,PI_6240319_AL,1.2861111111111112
2025-09-07 02:25:30,True,PI_6240319_AL,1.2944444444444445
2025-09-07 02:26:00,True,PI_6240319_AL,1.3027777777777778
2025-09-07 02:26:30,True,PI_6240319_AL,1.3111111111111111
2025-09-07 02:27:00,True,PI_6240319_AL,1.3194444444444444
2025-09-07 02:27:30,True,PI_6240319_AL,1.3277777777777777
2025-09-07 02:28:00,True,PI_6240319_AL,1.336111111111111
2025-09-07 02:28:30,True,PI_6240319_AL,1.3444444444444446
2025-09-07 02:29:00,True,PI_6240319_AL,1.3527777777777779
2025-09-07 02:29:30,True,PI_6240319_AL,1.3611111111111112
2025-09-07 02:30:00,True,PI_6240319_AL,1.3694444444444445
2025-09-07 02:30:30,True,PI_6240319_AL,1.3777777777777778
2025-09-07 02:31:00,True,PI_6240319_AL,1.386111111111111
2025-09-07 02:31:30,True,PI_6240319_AL,1.3944444444444444
2025-09-07 02:32:00,True,PI_6240319_AL,1.4027777777777777
2025-09-07 02:32:30,True,PI_6240319_AL,1.4111111111111112
2025-09-07 02:33:00,True,PI_6240319_AL,1.4194444444444445
2025-09-07 02:33:30,True,PI_6240319_AL,1.4277777777777778
2025-09-07 02:34:00,True,PI_6240319_AL,1.4361111111111111
2025-09-07 02:34:30,True,PI_6240319_AL,1.4444444444444444
2025-09-07 02:35:00,True,PI_6240319_AL,1.4527777777777777
2025-09-07 02:35:30,True,PI_6240319_AL,1.461111111111111
2025-09-07 02:36:00,True,PI_6240319_AL,1.4694444444444446
2025-09-07 02:36:30,True,PI_6240319_AL,1.4777777777777779
2025-09-07 02:37:00,True,PI_6240319_AL,1.4861111111111112
2025-09-07 02:37:30,True,PI_6240319_AL,1.4944444444444445
2025-09-07 02:38:00,True,PI_6240319_AL,1.5027777777777778
2025-09-07 02:38:30,True,PI_6240319_AL,1.511111111111111
2025-09-07 02:39:00,True,PI_6240319_AL,1.5194444444444444
2025-09-07 02:39:30,True,PI_6240319_AL,1.5277777777777777
2025-09-07 02:40:00,True,PI_6240319_AL,1.5361111111111112
2025-09-07 02:40:30,True,PI_6240319_AL,1.5444444444444445
2025-09-07 02:41:00,True,PI_6240319_AL,1.5527777777777778
2025-09-07 02:41:30,True,PI_6240319_AL,1.5611111111111111
2025-09-07 02:42:00,True,PI_6240319_AL,1.5694444444444444
2025-09-07 04:58:00,True,PI_6240319_AL,3.8361111111111112
2025-09-07 04:58:30,True,PI_6240319_AL,3.8444444444444446
2025-09-07 04:59:00,True,PI_6240319_AL,3.852777777777778
2025-09-07 04:59:30,True,PI_6240319_AL,3.861111111111111
2025-09-07 05:00:00,True,PI_6240319_AL,3.8694444444444445
2025-09-07 05:00:30,True,PI_6240319_AL,3.8777777777777778
2025-09-07 05:01:00,True,PI_6240319_AL,3.886111111111111
2025-09-07 05:01:30,True,PI_6240319_AL,3.8944444444444444
2025-09-07 05:02:00,True,PI_6240319_AL,3.9027777777777777
2025-09-07 05:02:30,True,PI_6240319_AL,3.911111111111111
2025-09-07 05:03:00,True,PI_6240319_AL,3.9194444444444443
2025-09-07 05:03:30,True,PI_6240319_AL,3.9277777777777776
2025-09-07 05:04:00,True,PI_6240319_AL,3.936111111111111
2025-09-07 05:04:30,True,PI_6240319_AL,3.9444444444444446
2025-09-07 05:05:00,True,PI_6240319_AL,3.952777777777778
2025-09-07 05:05:30,True,PI_6240319_AL,3.9611111111111112
2025-09-07 05:06:00,True,PI_6240319_AL,3.9694444444444446
2025-09-07 05:06:30,True,PI_6240319_AL,3.977777777777778
2025-09-07 05:07:00,True,PI_6240319_AL,3.986111111111111
2025-09-07 05:07:30,True,PI_6240319_AL,3.9944444444444445
2025-09-07 05:08:00,True,PI_6240319_AL,4.002777777777778
2025-09-07 05:08:30,True,PI_6240319_AL,4.011111111111111
2025-09-07 05:09:00,True,PI_6240319_AL,4.019444444444445
2025-09-07 05:09:30,True,PI_6240319_AL,4.027777777777778
2025-09-07 05:10:00,True,PI_6240319_AL,4.036111111111111
2025-09-07 12:07:00,True,PI_6240319_AL,10.98611111111111
2025-09-07 12:07:30,True,PI_6240319_AL,10.994444444444444
2025-09-07 12:08:00,True,PI_6240319_AL,11.002777777777778
2025-09-07 12:08:30,True,PI_6240319_AL,11.011111111111111
2025-09-07 12:09:00,True,PI_6240319_AL,11.019444444444444
2025-09-07 12:09:30,True,PI_6240319_AL,11.027777777777779
2025-09-07 12:10:00,True,PI_6240319_AL,11.036111111111111
2025-09-07 12:10:30,True,PI_6240319_AL,11.044444444444444
2025-09-07 12:11:00,True,PI_6240319_AL,11.052777777777777
2025-09-07 12:11:30,True,PI_6240319_AL,11.061111111111112
2025-09-08 02:09:00,True,PI_6240319_AL,1.9727777777777777
2025-09-08 02:09:30,True,PI_6240319_AL,1.9644444444444444
2025-09-08 02:10:00,True,PI_6240319_AL,1.9561111111111111
2025-09-08 02:10:30,True,PI_6240319_AL,1.9477777777777778
2025-09-08 02:11:00,True,PI_6240319_AL,1.9394444444444445
2025-09-08 02:11:30,True,PI_6240319_AL,1.931111111111111
2025-09-08 02:12:00,True,PI_6240319_AL,1.9227777777777777
2025-09-08 02:12:30,True,PI_6240319_AL,1.9144444444444444
2025-09-08 02:13:00,True,PI_6240319_AL,1.906111111111111
2025-09-08 02:13:30,True,PI_6240319_AL,1.8977777777777778
2025-10-02 13:58:00,True,PAL_6240315,21.171666666666667
2025-10-02 13:58:30,True,PAL_6240315,21.163333333333334
2025-10-02 13:59:00,True,PAL_6240315,21.155
2025-10-02 13:59:30,True,PAL_6240315,21.14666666666667
2025-10-02 14:00:00,True,PAL_6240315,21.138333333333332
2025-10-02 14:00:30,True,PAL_6240315,21.13
2025-10-02 14:01:00,True,PAL_6240315,21.121666666666666
2025-10-02 14:01:30,True,PAL_6240315,21.113333333333333
2025-10-02 14:02:00,True,PAL_6240315,21.105
2025-10-02 14:02:30,True,PAL_6240315,21.096666666666668
2025-10-02 14:03:00,True,PAL_6240315,21.088333333333335
2025-10-02 14:03:30,True,PAL_6240315,21.08
2025-10-02 14:04:00,True,PAL_6240315,21.071666666666665
2025-10-02 14:04:30,True,PAL_6240315,21.063333333333333
2025-10-02 14:05:00,True,PAL_6240315,21.055
2025-10-02 14:05:30,True,PAL_6240315,21.046666666666667
2025-10-02 14:06:00,True,PAL_6240315,21.038333333333334
2025-10-02 14:06:30,True,PAL_6240315,21.03
2025-10-02 14:07:00,True,PAL_6240315,21.02166666666667
2025-10-02 14:07:30,True,PAL_6240315,21.013333333333332
2025-10-02 14:08:00,True,PAL_6240315,21.005
2025-10-02 14:08:30,True,PAL_6240315,20.996666666666666
2025-10-02 14:09:00,True,PAL_6240315,20.988333333333333
2025-10-02 14:09:30,True,PAL_6240315,20.98
2025-10-02 16:58:30,True,PAL_6240315,18.163333333333334
2025-10-02 16:59:00,True,PAL_6240315,18.155
2025-10-02 16:59:30,True,PAL_6240315,18.14666666666667
2025-10-02 17:00:00,True,PAL_6240315,18.138333333333332
2025-10-02 17:00:30,True,PAL_6240315,18.13
2025-10-02 17:01:00,True,PAL_6240315,18.121666666666666
2025-10-02 17:01:30,True,PAL_6240315,18.113333333333333
2025-10-02 17:02:00,True,PAL_6240315,18.105
2025-10-02 17:02:30,True,PAL_6240315,18.096666666666668
2025-10-02 17:03:00,True,PAL_6240315,18.088333333333335
2025-10-02 17:03:30,True,PAL_6240315,18.08
2025-10-02 17:04:00,True,PAL_6240315,18.071666666666665
2025-10-02 17:04:30,True,PAL_6240315,18.063333333333333
2025-10-02 17:05:00,True,PAL_6240315,18.055
2025-10-02 17:05:30,True,PAL_6240315,18.046666666666667
2025-10-02 17:06:00,True,PAL_6240315,18.038333333333334
2025-10-02 17:06:30,True,PAL_6240315,18.03
2025-10-02 17:07:00,True,PAL_6240315,18.02166666666667
2025-10-02 17:07:30,True,PAL_6240315,18.013333333333332
2025-10-02 17:08:00,True,PAL_6240315,18.005
2025-10-02 17:08:30,True,PAL_6240315,17.996666666666666
2025-10-02 21:22:00,True,PAL_6240315,13.771666666666667
2025-10-02 21:22:30,True,PAL_6240315,13.763333333333334
2025-10-02 21:23:00,True,PAL_6240315,13.755
2025-10-02 21:23:30,True,PAL_6240315,13.746666666666666
2025-10-02 21:24:00,True,PAL_6240315,13.738333333333333
2025-10-02 21:24:30,True,PAL_6240315,13.73
2025-10-02 21:25:00,True,PAL_6240315,13.721666666666666
2025-10-02 21:25:30,True,PAL_6240315,13.713333333333333
2025-10-02 21:26:00,True,PAL_6240315,13.705
2025-10-02 21:26:30,True,PAL_6240315,13.696666666666667
2025-10-02 21:27:00,True,PAL_6240315,13.688333333333333
2025-10-02 21:27:30,True,PAL_6240315,13.68
2025-10-02 21:28:00,True,PAL_6240315,13.671666666666667
2025-10-02 21:28:30,True,PAL_6240315,13.663333333333334
2025-10-02 21:29:00,True,PAL_6240315,13.655
2025-10-02 21:29:30,True,PAL_6240315,13.646666666666667
2025-10-02 21:30:00,True,PAL_6240315,13.638333333333334
2025-10-02 21:30:30,True,PAL_6240315,13.63
2025-10-02 21:31:00,True,PAL_6240315,13.621666666666666
2025-10-02 21:31:30,True,PAL_6240315,13.613333333333333
2025-10-02 21:32:00,True,PAL_6240315,13.605
2025-10-09 11:21:00,True,PI_6240319_AL,4.3069444444444445
2025-10-09 11:21:30,True,PI_6240319_AL,4.315277777777778
2025-10-09 11:22:00,True,PI_6240319_AL,4.323611111111111
2025-10-09 11:22:30,True,PI_6240319_AL,4.331944444444445
2025-10-09 11:23:00,True,PI_6240319_AL,4.340277777777778
2025-10-09 11:23:30,True,PI_6240319_AL,4.348611111111111
2025-10-09 11:24:00,True,PI_6240319_AL,4.356944444444444
2025-10-09 11:24:30,True,PI_6240319_AL,4.365277777777778
2025-10-09 11:25:00,True,PI_6240319_AL,4.373611111111111
2025-10-09 11:25:30,True,PI_6240319_AL,4.381944444444445
2025-10-09 11:26:00,True,PI_6240319_AL,4.3902777777777775
2025-10-09 11:26:30,True,PI_6240319_AL,4.398611111111111
2025-10-09 11:27:00,True,PI_6240319_AL,4.406944444444444
2025-10-09 11:27:30,True,PI_6240319_AL,4.415277777777778
2025-10-09 11:28:00,True,PI_6240319_AL,4.423611111111111
2025-10-09 11:28:30,True,PI_6240319_AL,4.4319444444444445
2025-10-09 11:29:00,True,PI_6240319_AL,4.440277777777778
2025-10-09 11:29:30,True,PI_6240319_AL,4.448611111111111
2025-10-09 11:30:00,True,PI_6240319_AL,4.456944444444445
2025-10-09 11:30:30,True,PI_6240319_AL,4.465277777777778
2025-10-09 11:31:00,True,PI_6240319_AL,4.473611111111111
2025-10-09 11:31:30,True,PI_6240319_AL,4.481944444444444
2025-10-09 11:32:00,True,PI_6240319_AL,4.490277777777778
2025-10-09 11:32:30,True,PI_6240319_AL,4.498611111111111
2025-10-09 11:33:00,True,PI_6240319_AL,4.506944444444445
2025-10-09 11:33:30,True,PI_6240319_AL,4.5152777777777775
2025-10-09 11:34:00,True,PI_6240319_AL,4.523611111111111
2025-10-09 11:34:30,True,PI_6240319_AL,4.531944444444444
2025-10-09 11:35:00,True,PI_6240319_AL,4.540277777777778
2025-10-09 11:35:30,True,PI_6240319_AL,4.548611111111111
2025-10-09 11:36:00,True,PI_6240319_AL,4.5569444444444445
2025-10-09 11:36:30,True,PI_6240319_AL,4.565277777777778
2025-10-09 11:37:00,True,PI_6240319_AL,4.573611111111111
2025-10-09 11:37:30,True,PI_6240319_AL,4.581944444444445
2025-10-09 11:38:00,True,PI_6240319_AL,4.590277777777778
2025-10-09 11:38:30,True,PI_6240319_AL,4.598611111111111
2025-10-09 11:39:00,True,PI_6240319_AL,4.606944444444444
2025-10-09 11:39:30,True,PI_6240319_AL,4.615277777777778
2025-10-09 11:40:00,True,PI_6240319_AL,4.623611111111111
2025-10-09 11:40:30,True,PI_6240319_AL,4.631944444444445
2025-10-09 11:41:00,True,PI_6240319_AL,4.6402777777777775
2025-10-09 11:41:30,True,PI_6240319_AL,4.648611111111111
2025-10-09 11:42:00,True,PI_6240319_AL,4.656944444444444
2025-10-09 11:42:30,True,PI_6240319_AL,4.665277777777778
2025-10-09 11:43:00,True,PI_6240319_AL,4.673611111111111
2025-10-09 11:43:30,True,PI_6240319_AL,4.6819444444444445
2025-10-09 11:44:00,True,PI_6240319_AL,4.690277777777778
2025-10-09 11:44:30,True,PI_6240319_AL,4.698611111111111
2025-10-09 11:45:00,True,PI_6240319_AL,4.706944444444445
2025-10-09 11:45:30,True,PI_6240319_AL,4.715277777777778
2025-10-09 11:46:00,True,PI_6240319_AL,4.723611111111111
2025-10-09 11:46:30,True,PI_6240319_AL,4.731944444444444
2025-10-09 11:47:00,True,PI_6240319_AL,4.740277777777778
2025-10-09 11:47:30,True,PI_6240319_AL,4.748611111111111
2025-10-09 11:48:00,True,PI_6240319_AL,4.756944444444445
2025-10-09 11:48:30,True,PI_6240319_AL,4.7652777777777775
2025-10-09 11:49:00,True,PI_6240319_AL,4.773611111111111
2025-10-09 11:49:30,True,PI_6240319_AL,4.781944444444444
2025-10-09 11:50:00,True,PI_6240319_AL,4.790277777777778
2025-10-09 11:50:30,True,PI_6240319_AL,4.798611111111111
2025-10-09 11:51:00,True,PI_6240319_AL,4.8069444444444445
2025-10-09 11:51:30,True,PI_6240319_AL,4.815277777777778
2025-10-09 11:52:00,True,PI_6240319_AL,4.823611111111111
2025-10-09 11:52:30,True,PI_6240319_AL,4.831944444444445
2025-10-09 11:53:00,True,PI_6240319_AL,4.840277777777778
2025-10-09 11:53:30,True,PI_6240319_AL,4.848611111111111
2025-10-09 11:54:00,True,PI_6240319_AL,4.856944444444444
2025-10-09 11:54:30,True,PI_6240319_AL,4.865277777777778
2025-10-09 11:55:00,True,PI_6240319_AL,4.873611111111111
2025-10-09 11:55:30,True,PI_6240319_AL,4.881944444444445
2025-10-09 11:56:00,True,PI_6240319_AL,4.8902777777777775
2025-10-09 11:56:30,True,PI_6240319_AL,4.898611111111111
2025-10-09 11:57:00,True,PI_6240319_AL,4.906944444444444
2025-10-09 11:57:30,True,PI_6240319_AL,4.915277777777778
2025-10-09 11:58:00,True,PI_6240319_AL,4.923611111111111
2025-10-09 11:58:30,True,PI_6240319_AL,4.9319444444444445
2025-10-09 11:59:00,True,PI_6240319_AL,4.940277777777778
2025-10-09 11:59:30,True,PI_6240319_AL,4.948611111111111
2025-10-09 12:00:00,True,PI_6240319_AL,4.956944444444445
2025-10-09 12:00:30,True,PI_6240319_AL,4.965277777777778
2025-10-09 12:01:00,True,PI_6240319_AL,4.973611111111111
2025-10-09 12:01:30,True,PI_6240319_AL,4.981944444444444
2025-10-09 12:02:00,True,PI_6240319_AL,4.990277777777778
2025-10-09 12:02:30,True,PI_6240319_AL,4.998611111111111
2025-10-09 12:03:00,True,PI_6240319_AL,5.006944444444445
2025-10-09 12:03:30,True,PI_6240319_AL,5.0152777777777775
2025-10-09 12:04:00,True,PI_6240319_AL,5.023611111111111
2025-10-09 12:04:30,True,PI_6240319_AL,5.031944444444444
2025-10-09 12:05:00,True,PI_6240319_AL,5.040277777777778
2025-10-09 12:05:30,True,PI_6240319_AL,5.048611111111111
2025-10-09 12:06:00,True,PI_6240319_AL,5.0569444444444445
2025-10-09 12:06:30,True,PI_6240319_AL,5.065277777777778
2025-10-09 12:07:00,True,PI_6240319_AL,5.073611111111111
2025-10-09 12:07:30,True,PI_6240319_AL,5.081944444444445
2025-10-09 12:08:00,True,PI_6240319_AL,5.090277777777778
2025-10-09 12:08:30,True,PI_6240319_AL,5.098611111111111
2025-10-09 12:09:00,True,PI_6240319_AL,5.106944444444444
2025-10-09 12:09:30,True,PI_6240319_AL,5.115277777777778
2025-10-09 12:10:00,True,PI_6240319_AL,5.123611111111111
2025-10-09 12:10:30,True,PI_6240319_AL,5.131944444444445
2025-10-09 12:11:00,True,PI_6240319_AL,5.1402777777777775
2025-10-09 12:11:30,True,PI_6240319_AL,5.148611111111111
2025-10-09 12:12:00,True,PI_6240319_AL,5.156944444444444
2025-10-09 12:12:30,True,PI_6240319_AL,5.165277777777778
2025-10-09 12:13:00,True,PI_6240319_AL,5.173611111111111
2025-10-09 12:13:30,True,PI_6240319_AL,5.1819444444444445
2025-10-09 12:14:00,True,PI_6240319_AL,5.190277777777778
2025-10-09 12:14:30,True,PI_6240319_AL,5.198611111111111
2025-10-09 12:15:00,True,PI_6240319_AL,5.206944444444445
2025-10-09 12:15:30,True,PI_6240319_AL,5.215277777777778
2025-10-09 12:16:00,True,PI_6240319_AL,5.223611111111111
2025-10-09 12:16:30,True,PI_6240319_AL,5.231944444444444
2025-10-09 12:17:00,True,PI_6240319_AL,5.240277777777778
2025-10-09 12:17:30,True,PI_6240319_AL,5.248611111111111
2025-10-09 12:18:00,True,PI_6240319_AL,5.256944444444445
2025-10-09 12:18:30,True,PI_6240319_AL,5.2652777777777775
2025-10-09 12:19:00,True,PI_6240319_AL,5.273611111111111
2025-10-09 12:19:30,True,PI_6240319_AL,5.281944444444444
2025-10-09 12:20:00,True,PI_6240319_AL,5.290277777777778
2025-10-09 12:20:30,True,PI_6240319_AL,5.298611111111111
2025-10-09 12:21:00,True,PI_6240319_AL,5.3069444444444445
2025-10-09 12:21:30,True,PI_6240319_AL,5.315277777777778
2025-10-09 12:22:00,True,PI_6240319_AL,5.323611111111111
2025-10-09 12:22:30,True,PI_6240319_AL,5.331944444444445
2025-10-09 12:23:00,True,PI_6240319_AL,5.340277777777778
2025-10-09 12:23:30,True,PI_6240319_AL,5.348611111111111
2025-10-09 12:24:00,True,PI_6240319_AL,5.356944444444444
2025-10-09 12:24:30,True,PI_6240319_AL,5.365277777777778
2025-10-09 12:25:00,True,PI_6240319_AL,5.373611111111111
2025-10-09 12:25:30,True,PI_6240319_AL,5.381944444444445
2025-10-09 12:26:00,True,PI_6240319_AL,5.3902777777777775
2025-10-09 12:26:30,True,PI_6240319_AL,5.398611111111111
2025-10-09 12:27:00,True,PI_6240319_AL,5.406944444444444
2025-10-09 12:27:30,True,PI_6240319_AL,5.415277777777778
2025-10-09 12:28:00,True,PI_6240319_AL,5.423611111111111
2025-10-09 12:28:30,True,PI_6240319_AL,5.4319444444444445
2025-10-09 12:29:00,True,PI_6240319_AL,5.440277777777778
2025-10-09 12:29:30,True,PI_6240319_AL,5.448611111111111
2025-10-09 12:30:00,True,PI_6240319_AL,5.456944444444445
2025-10-09 12:30:30,True,PI_6240319_AL,5.465277777777778
2025-10-09 12:31:00,True,PI_6240319_AL,5.473611111111111
2025-10-09 12:31:30,True,PI_6240319_AL,5.481944444444444
2025-10-09 12:32:00,True,PI_6240319_AL,5.490277777777778
2025-10-09 12:32:30,True,PI_6240319_AL,5.498611111111111
2025-10-09 12:33:00,True,PI_6240319_AL,5.506944444444445
2025-10-09 12:33:30,True,PI_6240319_AL,5.5152777777777775
2025-10-09 12:34:00,True,PI_6240319_AL,5.523611111111111
2025-10-09 12:34:30,True,PI_6240319_AL,5.531944444444444
2025-10-09 12:35:00,True,PI_6240319_AL,5.540277777777778
2025-10-09 12:35:30,True,PI_6240319_AL,5.548611111111111
2025-10-09 12:36:00,True,PI_6240319_AL,5.5569444444444445
2025-10-09 12:36:30,True,PI_6240319_AL,5.565277777777778
2025-10-09 12:37:00,True,PI_6240319_AL,5.573611111111111
2025-10-09 12:37:30,True,PI_6240319_AL,5.581944444444445
2025-10-09 12:38:00,True,PI_6240319_AL,5.590277777777778
2025-10-09 12:38:30,True,PI_6240319_AL,5.598611111111111
2025-10-09 12:39:00,True,PI_6240319_AL,5.606944444444444
2025-10-09 12:39:30,True,PI_6240319_AL,5.615277777777778
2025-10-09 12:40:00,True,PI_6240319_AL,5.623611111111111
2025-10-09 12:40:30,True,PI_6240319_AL,5.631944444444445
2025-10-09 12:41:00,True,PI_6240319_AL,5.6402777777777775
2025-10-09 12:41:30,True,PI_6240319_AL,5.648611111111111
2025-10-09 12:42:00,True,PI_6240319_AL,5.656944444444444
2025-10-09 12:42:30,True,PI_6240319_AL,5.665277777777778
2025-10-09 12:43:00,True,PI_6240319_AL,5.673611111111111
2025-10-09 12:43:30,True,PI_6240319_AL,5.6819444444444445
2025-10-09 12:44:00,True,PI_6240319_AL,5.690277777777778
2025-10-09 12:44:30,True,PI_6240319_AL,5.698611111111111
2025-10-09 12:45:00,True,PI_6240319_AL,5.706944444444445
2025-10-09 12:45:30,True,PI_6240319_AL,5.715277777777778
2025-10-09 12:46:00,True,PI_6240319_AL,5.723611111111111
2025-10-09 12:46:30,True,PI_6240319_AL,5.731944444444444
2025-10-09 12:47:00,True,PI_6240319_AL,5.740277777777778
2025-10-09 12:47:30,True,PI_6240319_AL,5.748611111111111
2025-10-09 12:48:00,True,PI_6240319_AL,5.756944444444445
2025-10-09 12:48:30,True,PI_6240319_AL,5.7652777777777775
2025-10-09 12:49:00,True,PI_6240319_AL,5.773611111111111
2025-10-09 12:49:30,True,PI_6240319_AL,5.781944444444444
2025-10-09 12:50:00,True,PI_6240319_AL,5.790277777777778
2025-10-09 12:50:30,True,PI_6240319_AL,5.798611111111111
2025-10-09 12:51:00,True,PI_6240319_AL,5.8069444444444445
2025-10-09 12:51:30,True,PI_6240319_AL,5.815277777777778
2025-10-09 12:52:00,True,PI_6240319_AL,5.823611111111111
2025-10-09 12:52:30,True,PI_6240319_AL,5.831944444444445
2025-10-09 12:53:00,True,PI_6240319_AL,5.840277777777778
2025-10-09 12:53:30,True,PI_6240319_AL,5.848611111111111
2025-10-09 12:54:00,True,PI_6240319_AL,5.856944444444444
2025-10-09 12:54:30,True,PI_6240319_AL,5.865277777777778
2025-10-09 12:55:00,True,PI_6240319_AL,5.873611111111111
2025-10-09 12:55:30,True,PI_6240319_AL,5.881944444444445
2025-10-09 12:56:00,True,PI_6240319_AL,5.8902777777777775
2025-10-09 12:56:30,True,PI_6240319_AL,5.898611111111111
2025-10-09 12:57:00,True,PI_6240319_AL,5.906944444444444
2025-10-09 12:57:30,True,PI_6240319_AL,5.915277777777778
2025-10-09 12:58:00,True,PI_6240319_AL,5.923611111111111
2025-10-09 12:58:30,True,PI_6240319_AL,5.9319444444444445
2025-10-09 12:59:00,True,PI_6240319_AL,5.940277777777778
2025-10-09 12:59:30,True,PI_6240319_AL,5.948611111111111
2025-10-09 13:00:00,True,PI_6240319_AL,5.956944444444445
2025-10-09 13:00:30,True,PI_6240319_AL,5.965277777777778
2025-10-09 13:01:00,True,PI_6240319_AL,5.973611111111111
2025-10-09 13:01:30,True,PI_6240319_AL,5.981944444444444
2025-10-09 13:02:00,True,PI_6240319_AL,5.990277777777778
2025-10-09 13:02:30,True,PI_6240319_AL,5.998611111111111
2025-10-09 13:03:00,True,PI_6240319_AL,6.006944444444445
2025-10-09 13:03:30,True,PI_6240319_AL,6.0152777777777775
2025-10-09 13:04:00,True,PI_6240319_AL,6.023611111111111
2025-10-09 13:04:30,True,PI_6240319_AL,6.031944444444444
2025-10-09 13:05:00,True,PI_6240319_AL,6.040277777777778
2025-10-09 13:05:30,True,PI_6240319_AL,6.048611111111111
2025-10-09 13:06:00,True,PI_6240319_AL,6.0569444444444445
2025-10-09 13:06:30,True,PI_6240319_AL,6.065277777777778
2025-10-09 13:07:00,True,PI_6240319_AL,6.073611111111111
2025-10-09 13:07:30,True,PI_6240319_AL,6.081944444444445
2025-10-09 13:08:00,True,PI_6240319_AL,6.090277777777778
2025-10-09 13:08:30,True,PI_6240319_AL,6.098611111111111
2025-10-09 13:09:00,True,PI_6240319_AL,6.106944444444444
2025-10-09 13:09:30,True,PI_6240319_AL,6.115277777777778
2025-10-09 13:10:00,True,PI_6240319_AL,6.123611111111111
2025-10-09 13:10:30,True,PI_6240319_AL,6.131944444444445
2025-10-09 13:11:00,True,PI_6240319_AL,6.1402777777777775
2025-10-09 13:11:30,True,PI_6240319_AL,6.148611111111111
2025-10-09 13:12:00,True,PI_6240319_AL,6.156944444444444
2025-10-09 13:12:30,True,PI_6240319_AL,6.165277777777778
2025-10-09 13:13:00,True,PI_6240319_AL,6.173611111111111
2025-10-09 13:13:30,True,PI_6240319_AL,6.1819444444444445
2025-10-09 13:14:00,True,PI_6240319_AL,6.190277777777778
2025-10-09 13:14:30,True,PI_6240319_AL,6.198611111111111
2025-10-09 13:15:00,True,PI_6240319_AL,6.206944444444445
2025-10-09 13:15:30,True,PI_6240319_AL,6.215277777777778
2025-10-09 13:16:00,True,PI_6240319_AL,6.223611111111111
2025-10-09 13:16:30,True,PI_6240319_AL,6.231944444444444
2025-10-09 13:17:00,True,PI_6240319_AL,6.240277777777778
2025-10-09 13:17:30,True,PI_6240319_AL,6.248611111111111
2025-10-09 13:18:00,True,PI_6240319_AL,6.256944444444445
2025-10-09 13:18:30,True,PI_6240319_AL,6.2652777777777775
2025-10-09 13:19:00,True,PI_6240319_AL,6.273611111111111
2025-10-09 13:19:30,True,PI_6240319_AL,6.281944444444444
2025-10-09 13:20:00,True,PI_6240319_AL,6.290277777777778
2025-10-09 13:20:30,True,PI_6240319_AL,6.298611111111111
2025-10-09 13:21:00,True,PI_6240319_AL,6.3069444444444445
2025-10-09 13:21:30,True,PI_6240319_AL,6.315277777777778
2025-10-09 13:22:00,True,PI_6240319_AL,6.323611111111111
2025-10-09 13:22:30,True,PI_6240319_AL,6.331944444444445
2025-10-09 13:23:00,True,PI_6240319_AL,6.340277777777778
2025-10-09 13:23:30,True,PI_6240319_AL,6.348611111111111
2025-10-09 13:24:00,True,PI_6240319_AL,6.356944444444444
2025-10-09 13:24:30,True,PI_6240319_AL,6.365277777777778
2025-10-09 13:25:00,True,PI_6240319_AL,6.373611111111111
2025-10-09 13:25:30,True,PI_6240319_AL,6.381944444444445
2025-10-09 13:26:00,True,PI_6240319_AL,6.3902777777777775
2025-10-09 13:26:30,True,PI_6240319_AL,6.398611111111111
2025-10-09 13:27:00,True,PI_6240319_AL,6.406944444444444
2025-10-09 13:27:30,True,PI_6240319_AL,6.415277777777778
2025-10-09 13:28:00,True,PI_6240319_AL,6.423611111111111
2025-10-09 13:28:30,True,PI_6240319_AL,6.4319444444444445
2025-10-09 13:29:00,True,PI_6240319_AL,6.440277777777778
2025-10-09 13:29:30,True,PI_6240319_AL,6.448611111111111
2025-10-09 13:30:00,True,PI_6240319_AL,6.456944444444445
2025-10-09 13:30:30,True,PI_6240319_AL,6.465277777777778
2025-10-09 13:31:00,True,PI_6240319_AL,6.473611111111111
2025-10-09 13:31:30,True,PI_6240319_AL,6.481944444444444
2025-10-09 13:32:00,True,PI_6240319_AL,6.490277777777778
2025-10-09 13:32:30,True,PI_6240319_AL,6.498611111111111
2025-10-09 13:33:00,True,PI_6240319_AL,6.506944444444445
2025-10-09 13:33:30,True,PI_6240319_AL,6.5152777777777775
2025-10-09 13:34:00,True,PI_6240319_AL,6.523611111111111
2025-10-09 13:34:30,True,PI_6240319_AL,6.531944444444444
2025-10-09 13:35:00,True,PI_6240319_AL,6.540277777777778
2025-10-09 13:35:30,True,PI_6240319_AL,6.548611111111111
2025-10-09 13:36:00,True,PI_6240319_AL,6.5569444444444445
2025-10-09 13:36:30,True,PI_6240319_AL,6.565277777777778
2025-10-09 13:37:00,True,PI_6240319_AL,6.573611111111111
2025-10-09 13:37:30,True,PI_6240319_AL,6.581944444444445
2025-10-09 13:38:00,True,PI_6240319_AL,6.590277777777778
2025-10-09 13:38:30,True,PI_6240319_AL,6.598611111111111
2025-10-09 13:39:00,True,PI_6240319_AL,6.606944444444444
2025-10-09 13:39:30,True,PI_6240319_AL,6.615277777777778
2025-10-09 13:40:00,True,PI_6240319_AL,6.623611111111111
2025-10-09 13:40:30,True,PI_6240319_AL,6.631944444444445
2025-10-09 13:41:00,True,PI_6240319_AL,6.6402777777777775
2025-10-09 13:41:30,True,PI_6240319_AL,6.648611111111111
2025-10-09 13:42:00,True,PI_6240319_AL,6.656944444444444
2025-10-09 13:42:30,True,PI_6240319_AL,6.665277777777778
2025-10-09 13:43:00,True,PI_6240319_AL,6.673611111111111
2025-10-09 13:43:30,True,PI_6240319_AL,6.6819444444444445
2025-10-09 13:44:00,True,PI_6240319_AL,6.690277777777778
2025-10-09 13:44:30,True,PI_6240319_AL,6.698611111111111
2025-10-09 13:45:00,True,PI_6240319_AL,6.706944444444445
2025-10-09 13:45:30,True,PI_6240319_AL,6.715277777777778
2025-10-09 13:46:00,True,PI_6240319_AL,6.723611111111111
2025-10-09 13:46:30,True,PI_6240319_AL,6.731944444444444
2025-10-09 13:47:00,True,PI_6240319_AL,6.740277777777778
2025-10-09 13:47:30,True,PI_6240319_AL,6.748611111111111
2025-10-09 13:48:00,True,PI_6240319_AL,6.756944444444445
2025-10-09 13:48:30,True,PI_6240319_AL,6.7652777777777775
2025-10-09 13:49:00,True,PI_6240319_AL,6.773611111111111
2025-10-09 13:49:30,True,PI_6240319_AL,6.781944444444444
2025-10-09 13:50:00,True,PI_6240319_AL,6.790277777777778
2025-10-09 13:50:30,True,PI_6240319_AL,6.798611111111111
2025-10-09 13:51:00,True,PI_6240319_AL,6.8069444444444445
2025-10-09 13:51:30,True,PI_6240319_AL,6.815277777777778
2025-10-09 13:52:00,True,PI_6240319_AL,6.823611111111111
2025-10-09 13:52:30,True,PI_6240319_AL,6.831944444444445
2025-10-09 13:53:00,True,PI_6240319_AL,6.840277777777778
2025-10-09 13:53:30,True,PI_6240319_AL,6.848611111111111
2025-10-09 13:54:00,True,PI_6240319_AL,6.856944444444444
2025-10-09 13:54:30,True,PI_6240319_AL,6.865277777777778
2025-10-09 13:55:00,True,PI_6240319_AL,6.873611111111111
2025-10-09 13:55:30,True,PI_6240319_AL,6.881944444444445
2025-10-09 13:56:00,True,PI_6240319_AL,6.8902777777777775
2025-10-09 13:56:30,True,PI_6240319_AL,6.898611111111111
2025-10-09 13:57:00,True,PI_6240319_AL,6.906944444444444
2025-10-09 13:57:30,True,PI_6240319_AL,6.915277777777778
2025-10-09 13:58:00,True,PI_6240319_AL,6.923611111111111
2025-10-09 13:58:30,True,PI_6240319_AL,6.9319444444444445
2025-10-09 13:59:00,True,PI_6240319_AL,6.940277777777778
2025-10-09 13:59:30,True,PI_6240319_AL,6.948611111111111
2025-10-09 14:00:00,True,PI_6240319_AL,6.956944444444445
2025-10-09 14:00:30,True,PI_6240319_AL,6.965277777777778
2025-10-09 14:01:00,True,PI_6240319_AL,6.973611111111111
2025-10-09 14:01:30,True,PI_6240319_AL,6.981944444444444
2025-10-09 14:02:00,True,PI_6240319_AL,6.990277777777778
2025-10-09 14:02:30,True,PI_6240319_AL,6.998611111111111
2025-10-09 14:03:00,True,PI_6240319_AL,7.006944444444445
2025-10-09 14:03:30,True,PI_6240319_AL,7.0152777777777775
2025-10-09 14:04:00,True,PI_6240319_AL,7.023611111111111
2025-10-09 14:04:30,True,PI_6240319_AL,7.031944444444444
2025-10-09 14:05:00,True,PI_6240319_AL,7.040277777777778
2025-10-09 14:05:30,True,PI_6240319_AL,7.048611111111111
2025-10-09 14:06:00,True,PI_6240319_AL,7.0569444444444445
2025-10-09 14:06:30,True,PI_6240319_AL,7.065277777777778
2025-10-09 14:07:00,True,PI_6240319_AL,7.073611111111111
2025-10-09 14:07:30,True,PI_6240319_AL,7.081944444444445
2025-10-09 14:08:00,True,PI_6240319_AL,7.090277777777778
2025-10-09 14:08:30,True,PI_6240319_AL,7.098611111111111
2025-10-09 14:09:00,True,PI_6240319_AL,7.106944444444444
2025-10-09 14:09:30,True,PI_6240319_AL,7.115277777777778
2025-10-09 14:10:00,True,PI_6240319_AL,7.123611111111111
2025-10-09 14:10:30,True,PI_6240319_AL,7.131944444444445
2025-10-09 14:11:00,True,PI_6240319_AL,7.1402777777777775
2025-10-09 14:11:30,True,PI_6240319_AL,7.148611111111111
2025-10-09 14:12:00,True,PI_6240319_AL,7.156944444444444
2025-10-09 14:12:30,True,PI_6240319_AL,7.165277777777778
2025-10-09 14:13:00,True,PI_6240319_AL,7.173611111111111
2025-10-09 14:13:30,True,PI_6240319_AL,7.1819444444444445
2025-10-09 14:14:00,True,PI_6240319_AL,7.190277777777778
2025-10-09 14:14:30,True,PI_6240319_AL,7.198611111111111
2025-10-09 14:15:00,True,PI_6240319_AL,7.206944444444445
2025-10-09 14:15:30,True,PI_6240319_AL,7.215277777777778
2025-10-09 14:16:00,True,PI_6240319_AL,7.223611111111111
2025-10-09 14:16:30,True,PI_6240319_AL,7.231944444444444
2025-10-09 14:17:00,True,PI_6240319_AL,7.240277777777778
2025-10-09 14:17:30,True,PI_6240319_AL,7.248611111111111
2025-10-09 14:18:00,True,PI_6240319_AL,7.256944444444445
2025-10-09 14:18:30,True,PI_6240319_AL,7.2652777777777775
2025-10-09 14:19:00,True,PI_6240319_AL,7.273611111111111
2025-10-09 14:19:30,True,PI_6240319_AL,7.281944444444444
2025-10-09 14:20:00,True,PI_6240319_AL,7.290277777777778
2025-10-09 14:20:30,True,PI_6240319_AL,7.298611111111111
2025-10-09 14:21:00,True,PI_6240319_AL,7.3069444444444445
2025-10-09 14:21:30,True,PI_6240319_AL,7.315277777777778
2025-10-09 14:22:00,True,PI_6240319_AL,7.323611111111111
2025-10-09 14:22:30,True,PI_6240319_AL,7.331944444444445
2025-10-09 14:23:00,True,PI_6240319_AL,7.340277777777778
2025-10-09 14:23:30,True,PI_6240319_AL,7.348611111111111
2025-10-09 14:24:00,True,PI_6240319_AL,7.356944444444444
2025-10-09 14:24:30,True,PI_6240319_AL,7.365277777777778
2025-10-09 14:25:00,True,PI_6240319_AL,7.373611111111111
2025-10-09 14:25:30,True,PI_6240319_AL,7.381944444444445
2025-10-09 14:26:00,True,PI_6240319_AL,7.3902777777777775
2025-10-09 14:26:30,True,PI_6240319_AL,7.398611111111111
2025-10-09 14:27:00,True,PI_6240319_AL,7.406944444444444
2025-10-09 14:27:30,True,PI_6240319_AL,7.415277777777778
2025-10-09 14:28:00,True,PI_6240319_AL,7.423611111111111
2025-10-09 14:28:30,True,PI_6240319_AL,7.4319444444444445
2025-10-09 14:29:00,True,PI_6240319_AL,7.440277777777778
2025-10-09 14:29:30,True,PI_6240319_AL,7.448611111111111
2025-10-09 14:30:00,True,PI_6240319_AL,7.456944444444445
2025-10-09 14:30:30,True,PI_6240319_AL,7.465277777777778
2025-10-09 14:31:00,True,PI_6240319_AL,7.473611111111111
2025-10-09 14:31:30,True,PI_6240319_AL,7.481944444444444
2025-10-09 14:32:00,True,PI_6240319_AL,7.490277777777778
2025-10-09 14:32:30,True,PI_6240319_AL,7.498611111111111
2025-10-09 14:33:00,True,PI_6240319_AL,7.506944444444445
2025-10-09 14:33:30,True,PI_6240319_AL,7.5152777777777775
2025-10-09 14:34:00,True,PI_6240319_AL,7.523611111111111
2025-10-09 14:34:30,True,PI_6240319_AL,7.531944444444444
2025-10-09 14:35:00,True,PI_6240319_AL,7.540277777777778
2025-10-09 14:35:30,True,PI_6240319_AL,7.548611111111111
2025-10-09 14:36:00,True,PI_6240319_AL,7.5569444444444445
2025-10-09 14:36:30,True,PI_6240319_AL,7.565277777777778
2025-10-09 14:37:00,True,PI_6240319_AL,7.573611111111111
2025-10-09 14:37:30,True,PI_6240319_AL,7.581944444444445
2025-10-09 14:38:00,True,PI_6240319_AL,7.590277777777778
2025-10-09 14:38:30,True,PI_6240319_AL,7.598611111111111
2025-10-09 14:39:00,True,PI_6240319_AL,7.606944444444444
2025-10-09 14:39:30,True,PI_6240319_AL,7.615277777777778
2025-10-09 14:40:00,True,PI_6240319_AL,7.623611111111111
2025-10-09 14:40:30,True,PI_6240319_AL,7.631944444444445
2025-10-09 14:41:00,True,PI_6240319_AL,7.6402777777777775
2025-10-09 14:41:30,True,PI_6240319_AL,7.648611111111111
2025-10-09 14:42:00,True,PI_6240319_AL,7.656944444444444
2025-10-09 14:42:30,True,PI_6240319_AL,7.665277777777778
2025-10-09 14:43:00,True,PI_6240319_AL,7.673611111111111
2025-10-09 14:43:30,True,PI_6240319_AL,7.6819444444444445
2025-10-09 14:44:00,True,PI_6240319_AL,7.690277777777778
2025-10-09 14:44:30,True,PI_6240319_AL,7.698611111111111
2025-10-09 14:45:00,True,PI_6240319_AL,7.706944444444445
2025-10-09 14:45:30,True,PI_6240319_AL,7.715277777777778
2025-10-09 14:46:00,True,PI_6240319_AL,7.723611111111111
2025-10-09 14:46:30,True,PI_6240319_AL,7.731944444444444
2025-10-09 14:47:00,True,PI_6240319_AL,7.740277777777778
2025-10-09 14:47:30,True,PI_6240319_AL,7.748611111111111
2025-10-09 14:48:00,True,PI_6240319_AL,7.756944444444445
2025-10-09 14:48:30,True,PI_6240319_AL,7.7652777777777775
2025-10-09 14:49:00,True,PI_6240319_AL,7.773611111111111
2025-10-09 14:49:30,True,PI_6240319_AL,7.781944444444444
2025-10-09 14:50:00,True,PI_6240319_AL,7.790277777777778
2025-10-09 14:50:30,True,PI_6240319_AL,7.798611111111111
2025-10-09 14:51:00,True,PI_6240319_AL,7.8069444444444445
2025-10-09 14:51:30,True,PI_6240319_AL,7.815277777777778
2025-10-09 14:52:00,True,PI_6240319_AL,7.823611111111111
2025-10-09 14:52:30,True,PI_6240319_AL,7.831944444444445
2025-10-09 14:53:00,True,PI_6240319_AL,7.840277777777778
2025-10-09 14:53:30,True,PI_6240319_AL,7.848611111111111
2025-10-09 14:54:00,True,PI_6240319_AL,7.856944444444444
2025-10-09 14:54:30,True,PI_6240319_AL,7.865277777777778
2025-10-09 14:55:00,True,PI_6240319_AL,7.873611111111111
2025-10-09 14:55:30,True,PI_6240319_AL,7.881944444444445
2025-10-09 14:56:00,True,PI_6240319_AL,7.8902777777777775
2025-10-09 14:56:30,True,PI_6240319_AL,7.898611111111111
2025-10-09 14:57:00,True,PI_6240319_AL,7.906944444444444
2025-10-09 14:57:30,True,PI_6240319_AL,7.915277777777778
2025-10-09 14:58:00,True,PI_6240319_AL,7.923611111111111
2025-10-09 14:58:30,True,PI_6240319_AL,7.9319444444444445
2025-10-09 14:59:00,True,PI_6240319_AL,7.940277777777778
2025-10-09 14:59:30,True,PI_6240319_AL,7.948611111111111
2025-10-09 15:00:00,True,PI_6240319_AL,7.956944444444445
2025-10-09 15:00:30,True,PI_6240319_AL,7.965277777777778
2025-10-09 15:01:00,True,PI_6240319_AL,7.973611111111111
2025-10-09 15:01:30,True,PI_6240319_AL,7.981944444444444
2025-10-09 15:02:00,True,PI_6240319_AL,7.990277777777778
2025-10-09 15:02:30,True,PI_6240319_AL,7.998611111111111
2025-10-09 15:03:00,True,PI_6240319_AL,8.006944444444445
2025-10-09 15:03:30,True,PI_6240319_AL,8.015277777777778
2025-10-09 15:04:00,True,PI_6240319_AL,8.02361111111111
2025-10-09 15:04:30,True,PI_6240319_AL,8.031944444444445
2025-10-09 15:05:00,True,PI_6240319_AL,8.040277777777778
2025-10-09 15:05:30,True,PI_6240319_AL,8.04861111111111
2025-10-09 15:06:00,True,PI_6240319_AL,8.056944444444444
2025-10-09 15:06:30,True,PI_6240319_AL,8.065277777777778
2025-10-09 15:07:00,True,PI_6240319_AL,8.073611111111111
2025-10-09 15:07:30,True,PI_6240319_AL,8.081944444444444
2025-10-09 15:08:00,True,PI_6240319_AL,8.090277777777779
2025-10-09 15:08:30,True,PI_6240319_AL,8.098611111111111
2025-10-09 15:09:00,True,PI_6240319_AL,8.106944444444444
2025-10-09 15:09:30,True,PI_6240319_AL,8.115277777777777
2025-10-09 15:10:00,True,PI_6240319_AL,8.123611111111112
2025-10-09 15:10:30,True,PI_6240319_AL,8.131944444444445
2025-10-09 15:11:00,True,PI_6240319_AL,8.140277777777778
2025-10-09 15:11:30,True,PI_6240319_AL,8.14861111111111
2025-10-09 15:12:00,True,PI_6240319_AL,8.156944444444445
2025-10-09 15:12:30,True,PI_6240319_AL,8.165277777777778
2025-10-09 15:13:00,True,PI_6240319_AL,8.17361111111111
2025-10-09 15:13:30,True,PI_6240319_AL,8.181944444444444
2025-10-09 15:14:00,True,PI_6240319_AL,8.190277777777778
2025-10-09 15:14:30,True,PI_6240319_AL,8.198611111111111
2025-10-09 15:15:00,True,PI_6240319_AL,8.206944444444444
2025-10-09 15:15:30,True,PI_6240319_AL,8.215277777777779
2025-10-09 15:16:00,True,PI_6240319_AL,8.223611111111111
2025-10-09 15:16:30,True,PI_6240319_AL,8.231944444444444
2025-10-09 15:17:00,True,PI_6240319_AL,8.240277777777777
2025-10-09 15:17:30,True,PI_6240319_AL,8.248611111111112
2025-10-09 15:18:00,True,PI_6240319_AL,8.256944444444445
2025-10-09 15:18:30,True,PI_6240319_AL,8.265277777777778
2025-10-09 15:19:00,True,PI_6240319_AL,8.27361111111111
2025-10-09 15:19:30,True,PI_6240319_AL,8.281944444444445
2025-10-09 15:20:00,True,PI_6240319_AL,8.290277777777778
2025-10-09 15:20:30,True,PI_6240319_AL,8.29861111111111
2025-10-09 15:21:00,True,PI_6240319_AL,8.306944444444444
2025-10-15 09:25:00,True,PI_6240319_AL,0.5661111111111111
2025-10-15 09:25:30,True,PI_6240319_AL,0.5744444444444444
2025-10-15 09:26:00,True,PI_6240319_AL,0.5827777777777777
2025-10-15 09:26:30,True,PI_6240319_AL,0.5911111111111111
2025-10-15 09:27:00,True,PI_6240319_AL,0.5994444444444444
2025-10-15 09:27:30,True,PI_6240319_AL,0.6077777777777778
2025-10-15 09:28:00,True,PI_6240319_AL,0.6161111111111112
2025-10-15 09:28:30,True,PI_6240319_AL,0.6244444444444445
2025-10-15 09:29:00,True,PI_6240319_AL,0.6327777777777778
2025-10-15 09:29:30,True,PI_6240319_AL,0.6411111111111111
2025-10-15 09:30:00,True,PI_6240319_AL,0.6494444444444445
2025-10-15 09:30:30,True,PI_6240319_AL,0.6577777777777778
2025-10-15 18:35:00,True,PI_6240319_AL,9.732777777777779
2025-10-15 18:35:30,True,PI_6240319_AL,9.741111111111111
2025-10-15 18:36:00,True,PI_6240319_AL,9.749444444444444
2025-10-15 18:36:30,True,PI_6240319_AL,9.757777777777777
2025-10-15 18:37:00,True,PI_6240319_AL,9.766111111111112
2025-10-15 18:37:30,True,PI_6240319_AL,9.774444444444445
2025-10-15 18:38:00,True,PI_6240319_AL,9.782777777777778
2025-10-15 18:38:30,True,PI_6240319_AL,9.79111111111111
2025-10-15 18:39:00,True,PI_6240319_AL,9.799444444444445
2025-10-15 18:39:30,True,PI_6240319_AL,9.807777777777778
2025-10-15 18:40:00,True,PI_6240319_AL,9.81611111111111
2025-10-15 18:40:30,True,PI_6240319_AL,9.824444444444444
2025-10-15 18:41:00,True,PI_6240319_AL,9.832777777777778
2025-10-15 18:41:30,True,PI_6240319_AL,9.841111111111111
2025-10-15 18:42:00,True,PI_6240319_AL,9.849444444444444
2025-10-15 18:42:30,True,PI_6240319_AL,9.857777777777779
2025-10-15 18:43:00,True,PI_6240319_AL,9.866111111111111
2025-10-15 18:43:30,True,PI_6240319_AL,9.874444444444444
2025-10-15 18:44:00,True,PI_6240319_AL,9.882777777777777
2025-10-15 18:44:30,True,PI_6240319_AL,9.891111111111112
2025-10-15 18:45:00,True,PI_6240319_AL,9.899444444444445
2025-10-15 18:45:30,True,PI_6240319_AL,9.907777777777778
2025-10-15 18:46:00,True,PI_6240319_AL,9.91611111111111
2025-10-15 18:46:30,True,PI_6240319_AL,9.924444444444445
2025-10-15 18:47:00,True,PI_6240319_AL,9.932777777777778
2025-10-15 18:47:30,True,PI_6240319_AL,9.94111111111111
2025-10-15 18:48:00,True,PI_6240319_AL,9.949444444444444
2025-10-15 18:48:30,True,PI_6240319_AL,9.957777777777778
2025-10-15 18:49:00,True,PI_6240319_AL,9.966111111111111
2025-10-15 18:49:30,True,PI_6240319_AL,9.974444444444444
2025-10-15 18:50:00,True,PI_6240319_AL,9.982777777777779
2025-10-15 18:50:30,True,PI_6240319_AL,9.991111111111111
2025-10-15 18:51:00,True,PI_6240319_AL,9.999444444444444
2025-10-17 13:49:00,False,PI_6240319_AL,30.751944444444444
2025-10-17 13:49:30,False,PI_6240319_AL,30.74361111111111
2025-10-17 13:50:00,False,PI_6240319_AL,30.735277777777778
2025-10-17 13:50:30,False,PI_6240319_AL,30.726944444444445
2025-10-17 13:51:00,False,PI_6240319_AL,30.718611111111112
2025-10-17 13:51:30,False,PI_6240319_AL,30.710277777777776
2025-10-17 13:52:00,False,PI_6240319_AL,30.701944444444443
2025-10-17 13:52:30,False,PI_6240319_AL,30.69361111111111
2025-10-17 13:53:00,False,PI_6240319_AL,30.685277777777777
2025-10-17 13:53:30,False,PI_6240319_AL,30.676944444444445
2025-10-17 13:54:00,False,PI_6240319_AL,30.66861111111111
2025-10-21 22:17:30,True,PAL_6240315,3.9925
2025-10-21 22:18:00,True,PAL_6240315,4.0008333333333335
2025-10-21 22:18:30,True,PAL_6240315,4.009166666666666
2025-10-21 22:19:00,True,PAL_6240315,4.0175
2025-10-21 22:19:30,True,PAL_6240315,4.025833333333333
2025-10-21 22:20:00,True,PAL_6240315,4.034166666666667
2025-10-21 22:20:30,True,PAL_6240315,4.0425
2025-10-21 22:21:00,True,PAL_6240315,4.050833333333333
2025-10-21 22:21:30,True,PAL_6240315,4.059166666666667
2025-10-21 22:22:00,True,PAL_6240315,4.0675
2025-10-21 22:22:30,True,PAL_6240315,4.075833333333334
2025-10-21 22:23:00,True,PAL_6240315,4.0841666666666665
2025-10-22 18:18:30,False,PAL_6240315,24.009166666666665
2025-10-22 18:19:00,False,PAL_6240315,24.0175
2025-10-22 18:19:30,False,PAL_6240315,24.025833333333335
2025-10-22 18:20:00,False,PAL_6240315,24.034166666666668
2025-10-22 18:20:30,False,PAL_6240315,24.0425
2025-10-22 18:21:00,False,PAL_6240315,24.050833333333333
2025-10-22 18:21:30,False,PAL_6240315,24.059166666666666
2025-10-22 18:22:00,False,PAL_6240315,24.0675
2025-10-22 18:22:30,False,PAL_6240315,24.075833333333332
2025-11-16 00:27:30,True,PDAL_6240302,3.921666666666667
2025-11-16 00:28:00,True,PDAL_6240302,3.93
2025-11-16 00:28:30,True,PDAL_6240302,3.9383333333333335
2025-11-16 00:29:00,True,PDAL_6240302,3.9466666666666668
2025-11-16 00:29:30,True,PDAL_6240302,3.955
2025-11-16 00:30:00,True,PDAL_6240302,3.9633333333333334
2025-11-16 00:30:30,True,PDAL_6240302,3.9716666666666667
2025-11-16 00:31:00,True,PDAL_6240302,3.98
2025-11-16 00:31:30,True,PDAL_6240302,3.9883333333333333
2025-11-16 00:32:00,True,PDAL_6240302,3.9966666666666666
2025-11-16 00:32:30,True,PDAL_6240302,4.005
2025-11-16 00:33:00,True,PDAL_6240302,4.013333333333334
2025-11-26 08:19:30,True,PAL_6240315,4.0175
2025-11-26 08:20:00,True,PAL_6240315,4.025833333333333
2025-11-26 08:20:30,True,PAL_6240315,4.034166666666667
2025-11-26 08:21:00,True,PAL_6240315,4.0425
2025-11-26 08:21:30,True,PAL_6240315,4.050833333333333
2025-11-26 08:22:00,True,PAL_6240315,4.059166666666667
2025-11-26 08:22:30,True,PAL_6240315,4.0675
2025-11-26 08:23:00,True,PAL_6240315,4.075833333333334
2025-11-26 08:23:30,True,PAL_6240315,4.0841666666666665
2025-11-26 08:24:00,True,PAL_6240315,4.0925
2025-11-26 08:24:30,True,PAL_6240315,4.100833333333333
2025-11-26 08:25:00,True,PAL_6240315,4.109166666666667
2025-11-26 08:25:30,True,PAL_6240315,4.1175
2025-11-26 08:26:00,True,PAL_6240315,4.1258333333333335
2025-12-02 12:51:30,True,PAL_6240315,0.72
2025-12-02 12:52:00,True,PAL_6240315,0.7283333333333334
2025-12-02 12:52:30,True,PAL_6240315,0.7366666666666667
2025-12-02 12:53:00,True,PAL_6240315,0.745
2025-12-02 12:53:30,True,PAL_6240315,0.7533333333333333
2025-12-02 12:54:00,True,PAL_6240315,0.7616666666666667
2025-12-02 12:54:30,True,PAL_6240315,0.77
2025-12-02 12:55:00,True,PAL_6240315,0.7783333333333333
2025-12-02 12:55:30,True,PAL_6240315,0.7866666666666666
2025-12-02 12:56:00,True,PAL_6240315,0.795
2025-12-08 07:05:00,True,PAL_6240315,8.409444444444444
2025-12-08 07:05:30,True,PAL_6240315,8.417777777777777
2025-12-08 07:06:00,True,PAL_6240315,8.426111111111112
2025-12-08 07:06:30,True,PAL_6240315,8.434444444444445
2025-12-08 07:07:00,True,PAL_6240315,8.442777777777778
2025-12-08 07:07:30,True,PAL_6240315,8.45111111111111
2025-12-08 07:08:00,True,PAL_6240315,8.459444444444445
2025-12-08 07:08:30,True,PAL_6240315,8.467777777777778
2025-12-08 07:09:00,True,PAL_6240315,8.476111111111111
2025-12-08 07:09:30,True,PAL_6240315,8.484444444444444
2025-12-09 02:57:00,True,PDAL_6240302,3.7125
2025-12-09 02:57:30,True,PDAL_6240302,3.720833333333333
2025-12-09 02:58:00,True,PDAL_6240302,3.7291666666666665
2025-12-09 02:58:30,True,PDAL_6240302,3.7375
2025-12-09 02:59:00,True,PDAL_6240302,3.745833333333333
2025-12-09 02:59:30,True,PDAL_6240302,3.754166666666667
2025-12-09 03:00:00,True,PDAL_6240302,3.7625
2025-12-09 03:00:30,True,PDAL_6240302,3.7708333333333335
2025-12-09 03:01:00,True,PDAL_6240302,3.779166666666667
2025-12-09 03:01:30,True,PDAL_6240302,3.7875
2025-12-09 03:02:00,True,PDAL_6240302,3.7958333333333334
2025-12-09 03:05:30,True,PDAL_6240302,3.8541666666666665
2025-12-09 03:06:00,True,PDAL_6240302,3.8625
2025-12-09 03:06:30,True,PDAL_6240302,3.870833333333333
2025-12-09 03:07:00,True,PDAL_6240302,3.879166666666667
2025-12-09 03:07:30,True,PDAL_6240302,3.8875
2025-12-09 03:08:00,True,PDAL_6240302,3.8958333333333335
2025-12-09 03:08:30,True,PDAL_6240302,3.904166666666667
2025-12-09 03:09:00,True,PDAL_6240302,3.9125
2025-12-09 03:09:30,True,PDAL_6240302,3.9208333333333334
2025-12-09 03:10:00,True,PDAL_6240302,3.9291666666666667
2025-12-09 03:10:30,True,PDAL_6240302,3.9375
2025-12-09 03:11:00,True,PDAL_6240302,3.9458333333333333
2025-12-09 03:11:30,True,PDAL_6240302,3.9541666666666666
2025-12-09 03:12:00,True,PDAL_6240302,3.9625
2025-12-09 03:12:30,True,PDAL_6240302,3.970833333333333
2025-12-09 03:13:00,True,PDAL_6240302,3.9791666666666665
2025-12-09 03:13:30,True,PDAL_6240302,3.9875
2025-12-09 03:14:00,True,PDAL_6240302,3.995833333333333
2025-12-09 03:14:30,True,PDAL_6240302,4.004166666666666
2025-12-09 03:15:00,True,PDAL_6240302,4.0125
2025-12-09 03:15:30,True,PDAL_6240302,4.020833333333333
2025-12-11 05:49:30,False,PAL_6240315,34.909166666666664
2025-12-11 05:50:00,False,PAL_6240315,34.90083333333333
2025-12-11 05:50:30,False,PAL_6240315,34.8925
2025-12-11 05:51:00,False,PAL_6240315,34.884166666666665
2025-12-11 05:51:30,False,PAL_6240315,34.87583333333333
2025-12-11 05:52:00,False,PAL_6240315,34.8675
2025-12-11 05:52:30,False,PAL_6240315,34.85916666666667
2025-12-11 05:53:00,False,PAL_6240315,34.850833333333334
2025-12-11 22:05:30,True,PAL_6240315,18.6425
2025-12-11 22:06:00,True,PAL_6240315,18.634166666666665
2025-12-11 22:06:30,True,PAL_6240315,18.625833333333333
2025-12-11 22:07:00,True,PAL_6240315,18.6175
2025-12-11 22:07:30,True,PAL_6240315,18.609166666666667
2025-12-11 22:08:00,True,PAL_6240315,18.600833333333334
2025-12-11 22:08:30,True,PAL_6240315,18.5925
2025-12-11 22:09:00,True,PAL_6240315,18.58416666666667
2025-12-11 22:09:30,True,PAL_6240315,18.575833333333332
2025-12-12 01:05:30,True,PAL_6240315,15.6425
2025-12-12 01:06:00,True,PAL_6240315,15.634166666666667
2025-12-12 01:06:30,True,PAL_6240315,15.625833333333333
2025-12-12 01:07:00,True,PAL_6240315,15.6175
2025-12-12 01:07:30,True,PAL_6240315,15.609166666666667
2025-12-12 01:08:00,True,PAL_6240315,15.600833333333334
2025-12-12 01:08:30,True,PAL_6240315,15.5925
2025-12-12 01:09:00,True,PAL_6240315,15.584166666666667
2025-12-12 05:47:30,True,PAL_6240315,10.9425
2025-12-12 05:48:00,True,PAL_6240315,10.934166666666666
2025-12-12 10:56:00,True,PAL_6240315,5.800833333333333
2025-12-12 10:56:30,True,PAL_6240315,5.7925
2025-12-12 10:57:00,True,PAL_6240315,5.784166666666667
2025-12-12 10:57:30,True,PAL_6240315,5.775833333333333
2025-12-12 10:58:00,True,PAL_6240315,5.7675
2025-12-12 10:58:30,True,PAL_6240315,5.759166666666666
2025-12-12 10:59:00,True,PAL_6240315,5.7508333333333335
2025-12-12 10:59:30,True,PAL_6240315,5.7425
2025-12-12 11:00:00,True,PAL_6240315,5.734166666666667
2025-12-12 11:00:30,True,PAL_6240315,5.725833333333333
2025-12-12 11:01:00,True,PAL_6240315,5.7175
2025-12-12 11:01:30,True,PAL_6240315,5.7091666666666665
2025-12-12 11:02:00,True,PAL_6240315,5.700833333333334
2025-12-12 11:02:30,True,PAL_6240315,5.6925
2025-12-12 11:03:00,True,PAL_6240315,5.684166666666667
2025-12-12 11:03:30,True,PAL_6240315,5.675833333333333
2025-12-12 11:04:00,True,PAL_6240315,5.6675
2025-12-12 11:04:30,True,PAL_6240315,5.659166666666667
2025-12-12 11:05:00,True,PAL_6240315,5.650833333333333
2025-12-12 11:05:30,True,PAL_6240315,5.6425
2025-12-12 11:06:00,True,PAL_6240315,5.634166666666666
2025-12-12 11:06:30,True,PAL_6240315,5.6258333333333335
2025-12-12 11:07:00,True,PAL_6240315,5.6175
2025-12-12 11:07:30,True,PAL_6240315,5.609166666666667
2025-12-12 11:08:00,True,PAL_6240315,5.600833333333333
2025-12-12 11:08:30,True,PAL_6240315,5.5925
2025-12-12 11:09:00,True,PAL_6240315,5.5841666666666665
2025-12-12 11:09:30,True,PAL_6240315,5.575833333333334
2025-12-12 11:10:00,True,PAL_6240315,5.5675
2025-12-12 11:10:30,True,PAL_6240315,5.559166666666667
2025-12-14 01:04:00,True,PAL_6240315,7.892777777777778
2025-12-14 01:04:30,True,PAL_6240315,7.901111111111111
2025-12-14 01:05:00,True,PAL_6240315,7.9094444444444445
2025-12-14 01:05:30,True,PAL_6240315,7.917777777777777
2025-12-14 01:06:00,True,PAL_6240315,7.926111111111111
2025-12-14 01:06:30,True,PAL_6240315,7.934444444444445
2025-12-14 01:07:00,True,PAL_6240315,7.942777777777778
2025-12-14 01:07:30,True,PAL_6240315,7.9511111111111115
2025-12-15 07:17:30,False,PAL_6240315,38.117777777777775
2025-12-15 07:18:00,False,PAL_6240315,38.12611111111111
2025-12-15 07:18:30,False,PAL_6240315,38.13444444444445
2025-12-15 07:19:00,False,PAL_6240315,38.14277777777778
2025-12-15 07:19:30,False,PAL_6240315,38.15111111111111
2025-12-15 07:20:00,False,PAL_6240315,38.159444444444446
2025-12-15 07:20:30,False,PAL_6240315,38.16777777777778
2025-12-15 07:21:00,False,PAL_6240315,38.17611111111111
2025-12-15 07:21:30,False,PAL_6240315,38.184444444444445
2025-12-16 01:31:00,False,PAL_6240315,56.342777777777776
2025-12-16 01:31:30,False,PAL_6240315,56.35111111111111
2025-12-16 01:32:00,False,PAL_6240315,56.35944444444444
2025-12-16 01:32:30,False,PAL_6240315,56.367777777777775
2025-12-16 01:33:00,False,PAL_6240315,56.37611111111111
2025-12-16 01:33:30,False,PAL_6240315,56.38444444444445
2025-12-16 01:34:00,False,PAL_6240315,56.39277777777778
2025-12-16 01:34:30,False,PAL_6240315,56.40111111111111
2025-12-16 01:35:00,False,PAL_6240315,56.409444444444446
2025-12-16 01:35:30,False,PAL_6240315,56.41777777777778
2025-12-16 05:22:00,False,PAL_6240315,60.19277777777778
2025-12-16 05:22:30,False,PAL_6240315,60.20111111111111
2025-12-16 05:23:00,False,PAL_6240315,60.20944444444444
2025-12-16 05:23:30,False,PAL_6240315,60.217777777777776
2025-12-16 05:24:00,False,PAL_6240315,60.22611111111111
2025-12-16 05:24:30,False,PAL_6240315,60.23444444444444
2025-12-16 05:25:00,False,PAL_6240315,60.242777777777775
2025-12-16 05:25:30,False,PAL_6240315,60.25111111111111
2025-12-16 05:26:00,False,PAL_6240315,60.25944444444445
2025-12-16 21:31:00,False,PAL_6240315,76.34277777777778
2025-12-16 21:31:30,False,PAL_6240315,76.35111111111111
2025-12-16 21:32:00,False,PAL_6240315,76.35944444444445
2025-12-16 21:32:30,False,PAL_6240315,76.36777777777777
2025-12-16 21:33:00,False,PAL_6240315,76.37611111111111
2025-12-16 21:33:30,False,PAL_6240315,76.38444444444444
2025-12-16 21:34:00,False,PAL_6240315,76.39277777777778
2025-12-16 21:34:30,False,PAL_6240315,76.4011111111111
2025-12-16 21:35:00,False,PAL_6240315,76.40944444444445
2025-12-24 10:54:30,False,PI_6240319_AL,101.30222222222223
2025-12-24 10:55:00,False,PI_6240319_AL,101.29388888888889
2025-12-24 10:55:30,False,PI_6240319_AL,101.28555555555556
2025-12-24 10:56:00,False,PI_6240319_AL,101.27722222222222
2025-12-24 10:56:30,False,PI_6240319_AL,101.2688888888889
2025-12-24 10:57:00,False,PI_6240319_AL,101.26055555555556
2025-12-24 10:57:30,False,PI_6240319_AL,101.25222222222222
2025-12-24 10:58:00,False,PI_6240319_AL,101.24388888888889
2025-12-24 10:58:30,False,PI_6240319_AL,101.23555555555555
2025-12-24 10:59:00,False,PI_6240319_AL,101.22722222222222
2025-12-28 12:26:00,True,PI_6240319_AL,3.777222222222222
2026-01-21 11:59:30,False,PDAL_6240302,53.803333333333335
2026-01-31 21:57:00,True,PI_6240319_AL,0.34694444444444444
2026-01-31 21:57:30,True,PI_6240319_AL,0.3386111111111111
2026-01-31 21:58:00,True,PI_6240319_AL,0.3302777777777778
2026-01-31 21:58:30,True,PI_6240319_AL,0.3219444444444444
2026-01-31 21:59:00,True,PI_6240319_AL,0.3136111111111111
2026-01-31 21:59:30,True,PI_6240319_AL,0.30527777777777776
2026-01-31 22:00:00,True,PI_6240319_AL,0.29694444444444446
2026-01-31 22:00:30,True,PI_6240319_AL,0.2886111111111111
2026-01-31 22:01:00,True,PI_6240319_AL,0.2802777777777778
2026-01-31 22:01:30,True,PI_6240319_AL,0.27194444444444443
2026-01-31 22:02:00,True,PI_6240319_AL,0.26361111111111113
2026-02-02 14:35:30,False,PI_6240319_AL,29.185277777777777
2026-02-02 14:36:00,False,PI_6240319_AL,29.176944444444445
2026-02-02 14:36:30,False,PI_6240319_AL,29.16861111111111
2026-02-02 14:37:00,False,PI_6240319_AL,29.16027777777778
2026-02-02 14:37:30,False,PI_6240319_AL,29.151944444444446
2026-02-02 14:38:00,False,PI_6240319_AL,29.14361111111111
2026-02-02 14:38:30,False,PI_6240319_AL,29.135277777777777
2026-02-02 14:39:00,False,PI_6240319_AL,29.126944444444444
2026-02-02 14:39:30,False,PI_6240319_AL,29.11861111111111
2026-02-02 14:40:00,False,PI_6240319_AL,29.110277777777778
2026-02-02 14:40:30,False,PI_6240319_AL,29.101944444444445
2026-02-03 18:51:30,True,PI_6240319_AL,0.9186111111111112
2026-02-03 18:52:00,True,PI_6240319_AL,0.9102777777777777
2026-02-03 18:52:30,True,PI_6240319_AL,0.9019444444444444
2026-02-03 18:53:00,True,PI_6240319_AL,0.8936111111111111
2026-02-03 18:53:30,True,PI_6240319_AL,0.8852777777777778
2026-02-03 18:54:00,True,PI_6240319_AL,0.8769444444444444
2026-02-03 18:54:30,True,PI_6240319_AL,0.8686111111111111
2026-02-03 18:55:00,True,PI_6240319_AL,0.8602777777777778
2026-02-03 18:55:30,True,PI_6240319_AL,0.8519444444444444
2026-02-05 02:23:30,True,PI_6240319_AL,2.9691666666666667
2026-02-08 10:29:00,False,PI_6240319_AL,26.26361111111111
2026-02-08 10:29:30,False,PI_6240319_AL,26.271944444444443
2026-02-08 10:30:00,False,PI_6240319_AL,26.280277777777776
2026-02-08 10:30:30,False,PI_6240319_AL,26.288611111111113
2026-02-08 10:31:00,False,PI_6240319_AL,26.296944444444446
2026-02-08 10:31:30,False,PI_6240319_AL,26.30527777777778
2026-02-08 10:32:00,False,PI_6240319_AL,26.31361111111111
2026-02-08 10:32:30,False,PI_6240319_AL,26.321944444444444
2026-02-08 10:33:00,False,PI_6240319_AL,26.330277777777777
2026-02-08 10:33:30,False,PI_6240319_AL,26.33861111111111
2026-02-08 10:34:00,False,PI_6240319_AL,26.346944444444443
2026-02-09 10:55:00,True,PAL_6240315,17.723055555555554
2026-02-09 10:55:30,True,PAL_6240315,17.71472222222222
2026-02-09 10:56:00,True,PAL_6240315,17.70638888888889
2026-02-09 10:56:30,True,PAL_6240315,17.698055555555555
2026-02-09 10:57:00,True,PAL_6240315,17.689722222222223
2026-02-09 10:57:30,True,PAL_6240315,17.68138888888889
2026-02-09 10:58:00,True,PAL_6240315,17.673055555555557
2026-02-09 10:58:30,True,PAL_6240315,17.664722222222224
2026-02-09 10:59:00,True,PAL_6240315,17.656388888888888
2026-02-09 10:59:30,True,PAL_6240315,17.648055555555555
2026-02-09 11:00:00,True,PAL_6240315,17.639722222222222
2026-02-14 16:38:00,True,PDAL_6240302,0.021944444444444444
2026-02-14 16:38:30,True,PDAL_6240302,0.01361111111111111
2026-02-14 17:41:00,True,PDAL_6240302,1.0030555555555556
2026-02-14 17:41:30,True,PDAL_6240302,1.011388888888889
2026-02-14 17:42:00,True,PDAL_6240302,1.0197222222222222
2026-02-14 17:42:30,True,PDAL_6240302,1.0280555555555555
2026-02-14 19:56:30,True,PI_6240319_AL,0.17722222222222223
2026-02-14 19:57:00,True,PI_6240319_AL,0.18555555555555556
2026-02-14 19:57:30,True,PI_6240319_AL,0.1938888888888889
2026-02-14 19:58:00,True,PI_6240319_AL,0.20222222222222222
2026-02-27 00:05:30,True,PI_6240319_AL,2.22
2026-02-27 00:06:00,True,PI_6240319_AL,2.2283333333333335
2026-02-27 00:06:30,True,PI_6240319_AL,2.236666666666667
2026-02-27 00:07:00,True,PI_6240319_AL,2.245
2026-02-27 00:07:30,True,PI_6240319_AL,2.2533333333333334
2026-02-27 00:08:00,True,PI_6240319_AL,2.2616666666666667
2026-02-27 00:08:30,True,PI_6240319_AL,2.27
2026-02-27 00:09:00,True,PI_6240319_AL,2.2783333333333333
2026-02-27 00:09:30,True,PI_6240319_AL,2.2866666666666666
2026-02-27 00:10:00,True,PI_6240319_AL,2.295
2026-02-27 00:10:30,True,PI_6240319_AL,2.3033333333333332
2026-02-27 00:11:00,True,PI_6240319_AL,2.3116666666666665
2026-02-27 00:11:30,True,PI_6240319_AL,2.32
2026-02-27 00:12:00,True,PI_6240319_AL,2.328333333333333
2026-02-27 00:21:30,True,PI_6240319_AL,2.486666666666667
2026-02-27 00:22:00,True,PI_6240319_AL,2.495
2026-02-27 00:22:30,True,PI_6240319_AL,2.5033333333333334
2026-02-27 00:23:00,True,PI_6240319_AL,2.5116666666666667
2026-02-27 00:23:30,True,PI_6240319_AL,2.52
2026-02-27 00:24:00,True,PI_6240319_AL,2.5283333333333333
2026-02-27 00:24:30,True,PI_6240319_AL,2.5366666666666666
2026-02-27 00:25:00,True,PI_6240319_AL,2.545
2026-02-27 00:25:30,True,PI_6240319_AL,2.5533333333333332
2026-02-27 00:26:00,True,PI_6240319_AL,2.5616666666666665
2026-02-27 00:26:30,True,PI_6240319_AL,2.57
2026-02-27 00:52:30,True,PI_6240319_AL,3.0033333333333334
2026-02-27 00:53:00,True,PI_6240319_AL,3.0116666666666667
2026-02-27 00:53:30,True,PI_6240319_AL,3.02
2026-02-27 00:54:00,True,PI_6240319_AL,3.0283333333333333
2026-02-27 00:54:30,True,PI_6240319_AL,3.0366666666666666
2026-02-27 00:55:00,True,PI_6240319_AL,3.045
2026-02-27 00:55:30,True,PI_6240319_AL,3.0533333333333332
2026-02-27 00:56:00,True,PI_6240319_AL,3.0616666666666665
2026-02-27 00:56:30,True,PI_6240319_AL,3.07
2026-02-27 00:57:00,True,PI_6240319_AL,3.078333333333333
2026-02-27 00:57:30,True,PI_6240319_AL,3.0866666666666664
2026-02-27 00:59:00,True,PI_6240319_AL,3.111666666666667
2026-02-27 00:59:30,True,PI_6240319_AL,3.12
2026-02-27 01:00:00,True,PI_6240319_AL,3.1283333333333334
2026-02-27 01:00:30,True,PI_6240319_AL,3.1366666666666667
2026-02-27 01:01:00,True,PI_6240319_AL,3.145
2026-02-27 01:01:30,True,PI_6240319_AL,3.1533333333333333
2026-02-27 01:02:00,True,PI_6240319_AL,3.1616666666666666
2026-02-27 01:02:30,True,PI_6240319_AL,3.17
2026-02-27 01:03:00,True,PI_6240319_AL,3.1783333333333332
2026-02-27 01:03:30,True,PI_6240319_AL,3.1866666666666665
2026-02-27 01:04:00,True,PI_6240319_AL,3.195
2026-02-27 01:04:30,True,PI_6240319_AL,3.203333333333333
2026-02-27 01:11:30,True,PI_6240319_AL,3.32
2026-02-27 01:12:00,True,PI_6240319_AL,3.328333333333333
2026-02-27 01:12:30,True,PI_6240319_AL,3.3366666666666664
2026-02-27 01:13:00,True,PI_6240319_AL,3.345
2026-02-27 01:13:30,True,PI_6240319_AL,3.3533333333333335
2026-02-27 01:14:00,True,PI_6240319_AL,3.361666666666667
2026-02-27 01:14:30,True,PI_6240319_AL,3.37
2026-02-27 01:15:00,True,PI_6240319_AL,3.3783333333333334
2026-02-27 01:15:30,True,PI_6240319_AL,3.3866666666666667
2026-02-27 01:24:30,True,PI_6240319_AL,3.5366666666666666
2026-02-27 01:25:00,True,PI_6240319_AL,3.545
2026-02-27 01:25:30,True,PI_6240319_AL,3.5533333333333332
2026-02-27 01:26:00,True,PI_6240319_AL,3.5616666666666665
2026-02-27 01:26:30,True,PI_6240319_AL,3.57
2026-02-27 01:27:00,True,PI_6240319_AL,3.578333333333333
2026-02-27 01:27:30,True,PI_6240319_AL,3.5866666666666664
2026-02-27 01:28:00,True,PI_6240319_AL,3.595
2026-02-27 01:28:30,True,PI_6240319_AL,3.6033333333333335
2026-02-27 10:50:30,True,PI_6240319_AL,7.98
2026-02-27 10:51:00,True,PI_6240319_AL,7.971666666666667
2026-02-27 10:51:30,True,PI_6240319_AL,7.963333333333333
2026-02-27 10:52:00,True,PI_6240319_AL,7.955
2026-02-27 10:52:30,True,PI_6240319_AL,7.946666666666666
2026-02-27 10:53:00,True,PI_6240319_AL,7.9383333333333335
2026-02-27 10:53:30,True,PI_6240319_AL,7.93
2026-02-27 10:54:00,True,PI_6240319_AL,7.921666666666667
2026-02-27 10:54:30,True,PI_6240319_AL,7.913333333333333
2026-02-28 06:08:00,True,PI_6240319_AL,11.311666666666667
2026-02-28 06:08:30,True,PI_6240319_AL,11.32
2026-02-28 06:09:00,True,PI_6240319_AL,11.328333333333333
2026-02-28 06:09:30,True,PI_6240319_AL,11.336666666666666
2026-02-28 06:10:00,True,PI_6240319_AL,11.345
2026-02-28 06:10:30,True,PI_6240319_AL,11.353333333333333
2026-02-28 06:11:00,True,PI_6240319_AL,11.361666666666666
2026-02-28 06:11:30,True,PI_6240319_AL,11.37
2026-02-28 06:12:00,True,PI_6240319_AL,11.378333333333334
2026-02-28 06:12:30,True,PI_6240319_AL,11.386666666666667
2026-02-28 06:13:00,True,PI_6240319_AL,11.395
2026-03-09 14:36:30,True,PAL_6240315,4.2375
2026-03-09 14:37:00,True,PAL_6240315,4.245833333333334
2026-03-09 14:37:30,True,PAL_6240315,4.254166666666666
2026-03-09 14:38:00,True,PAL_6240315,4.2625
2026-03-09 14:38:30,True,PAL_6240315,4.270833333333333
2026-03-09 14:39:00,True,PAL_6240315,4.279166666666667
2026-03-09 14:39:30,True,PAL_6240315,4.2875
2026-03-09 14:40:00,True,PAL_6240315,4.295833333333333
2026-03-09 14:40:30,True,PAL_6240315,4.304166666666666
2026-03-09 14:41:00,True,PAL_6240315,4.3125
2026-03-09 14:41:30,True,PAL_6240315,4.320833333333334
2026-03-09 14:42:00,True,PAL_6240315,4.329166666666667
2026-03-09 14:42:30,True,PAL_6240315,4.3375
2026-03-10 10:23:00,False,PAL_6240315,24.0125
2026-03-10 10:23:30,False,PAL_6240315,24.020833333333332
2026-03-10 10:24:00,False,PAL_6240315,24.029166666666665
2026-03-10 10:24:30,False,PAL_6240315,24.0375
2026-03-10 10:25:00,False,PAL_6240315,24.045833333333334
2026-03-10 10:25:30,False,PAL_6240315,24.054166666666667
2026-03-10 10:26:00,False,PAL_6240315,24.0625
2026-03-10 10:26:30,False,PAL_6240315,24.070833333333333
2026-03-10 10:27:00,False,PAL_6240315,24.079166666666666
2026-03-10 10:27:30,False,PAL_6240315,24.0875
2026-03-10 10:37:00,False,PAL_6240315,24.245833333333334
2026-03-10 10:37:30,False,PAL_6240315,24.254166666666666
2026-03-10 10:38:00,False,PAL_6240315,24.2625
2026-03-10 10:38:30,False,PAL_6240315,24.270833333333332
2026-03-10 10:39:00,False,PAL_6240315,24.279166666666665
2026-03-10 10:39:30,False,PAL_6240315,24.2875
2026-03-10 10:40:00,False,PAL_6240315,24.295833333333334
2026-03-10 10:40:30,False,PAL_6240315,24.304166666666667
2026-03-10 10:41:00,False,PAL_6240315,24.3125
2026-03-10 10:41:30,False,PAL_6240315,24.320833333333333
2026-03-10 10:42:00,False,PAL_6240315,24.329166666666666
2026-03-11 09:32:30,False,PAL_6240315,47.170833333333334
2026-03-11 09:33:00,False,PAL_6240315,47.17916666666667
2026-03-11 09:33:30,False,PAL_6240315,47.1875
2026-03-11 09:34:00,False,PAL_6240315,47.19583333333333
2026-03-11 09:34:30,False,PAL_6240315,47.204166666666666
2026-03-11 09:35:00,False,PAL_6240315,47.2125
2026-03-11 09:35:30,False,PAL_6240315,47.22083333333333
2026-03-11 09:36:00,False,PAL_6240315,47.229166666666664
2026-03-11 09:36:30,False,PAL_6240315,47.2375
2026-03-11 09:37:00,False,PAL_6240315,47.24583333333333
2026-03-11 09:37:30,False,PAL_6240315,47.25416666666667
2026-03-11 09:38:00,False,PAL_6240315,47.2625
2026-03-17 18:50:30,False,PAL_6240315,27.83111111111111
2026-03-17 18:51:00,False,PAL_6240315,27.839444444444446
2026-03-17 18:51:30,False,PAL_6240315,27.84777777777778
2026-03-17 18:52:00,False,PAL_6240315,27.85611111111111
2026-03-17 18:52:30,False,PAL_6240315,27.864444444444445
2026-03-17 18:53:00,False,PAL_6240315,27.872777777777777
2026-03-17 18:53:30,False,PAL_6240315,27.88111111111111
2026-03-17 18:54:00,False,PAL_6240315,27.889444444444443
2026-03-17 18:54:30,False,PAL_6240315,27.897777777777776
2026-03-17 18:55:00,False,PAL_6240315,27.906111111111112
2026-03-18 08:15:00,False,PAL_6240315,24.69611111111111
2026-03-20 14:08:30,False,PAL_6240315,29.195555555555554
2026-03-20 14:09:00,False,PAL_6240315,29.20388888888889
2026-03-20 14:09:30,False,PAL_6240315,29.212222222222223
2026-03-20 14:10:00,False,PAL_6240315,29.220555555555556
2026-03-20 14:10:30,False,PAL_6240315,29.22888888888889
2026-03-20 14:11:00,False,PAL_6240315,29.237222222222222
2026-03-20 14:11:30,False,PAL_6240315,29.245555555555555
2026-03-23 21:39:00,False,PAL_6240315,35.386944444444445
2026-03-23 21:39:30,False,PAL_6240315,35.37861111111111
2026-03-23 21:40:00,False,PAL_6240315,35.37027777777778
2026-03-23 21:40:30,False,PAL_6240315,35.36194444444445
2026-03-23 21:41:00,False,PAL_6240315,35.353611111111114
2026-03-23 21:41:30,False,PAL_6240315,35.34527777777778
2026-03-23 21:42:00,False,PAL_6240315,35.33694444444444
2026-03-23 21:42:30,False,PAL_6240315,35.32861111111111
2026-03-23 21:43:00,False,PAL_6240315,35.320277777777775
2026-03-27 06:50:00,False,TC382_03_A,44.066944444444445
2026-03-27 06:50:30,False,TC382_03_A,44.07527777777778
2026-03-27 06:51:00,False,TC382_03_A,44.08361111111111
2026-03-27 06:51:30,False,TC382_03_A,44.091944444444444
2026-03-27 06:52:00,False,TC382_03_A,44.10027777777778
2026-03-27 06:52:30,False,TC382_03_A,44.10861111111111
2026-03-27 06:53:00,False,TC382_03_A,44.11694444444444
2026-03-27 06:53:30,False,TC382_03_A,44.125277777777775
2026-03-27 06:54:00,False,TC382_03_A,44.13361111111111
2026-03-27 06:54:30,False,TC382_03_A,44.14194444444445
2026-03-27 06:55:00,False,TC382_03_A,44.15027777777778
2026-03-27 21:23:00,False,PDAL_6240302,41.00111111111111
2026-03-29 10:28:30,True,PDAL_6240302,3.9094444444444445
2026-03-29 10:29:00,True,PDAL_6240302,3.901111111111111
2026-03-29 10:29:30,True,PDAL_6240302,3.892777777777778
2026-03-29 10:30:00,True,PDAL_6240302,3.8844444444444446
2026-03-29 10:30:30,True,PDAL_6240302,3.8761111111111113
2026-03-29 10:31:00,True,PDAL_6240302,3.867777777777778
2026-03-29 10:31:30,True,PDAL_6240302,3.8594444444444442
2026-03-29 10:32:00,True,PDAL_6240302,3.851111111111111
2026-03-29 10:32:30,True,PDAL_6240302,3.8427777777777776
2026-03-29 10:33:00,True,PDAL_6240302,3.8344444444444443
2026-04-10 23:03:00,False,TC382_03_A,49.158055555555556
2026-04-10 23:03:30,False,TC382_03_A,49.16638888888889
2026-04-10 23:04:00,False,TC382_03_A,49.17472222222222
2026-04-10 23:04:30,False,TC382_03_A,49.183055555555555
2026-04-10 23:05:00,False,TC382_03_A,49.19138888888889
2026-04-10 23:05:30,False,TC382_03_A,49.19972222222222
2026-04-10 23:06:00,False,TC382_03_A,49.20805555555555
2026-04-10 23:06:30,False,TC382_03_A,49.216388888888886
2026-04-10 23:07:00,False,TC382_03_A,49.22472222222222
2026-04-10 23:07:30,False,TC382_03_A,49.23305555555555
2026-04-10 23:08:00,False,TC382_03_A,49.24138888888889
2026-04-10 23:08:30,False,TC382_03_A,49.249722222222225
2026-04-10 23:09:00,False,TC382_03_A,49.25805555555556
2026-04-11 08:57:00,False,TC382_03_A,59.058055555555555
2026-04-11 08:57:30,False,TC382_03_A,59.06638888888889
2026-04-11 08:58:00,False,TC382_03_A,59.07472222222222
2026-04-11 08:58:30,False,TC382_03_A,59.08305555555555
2026-04-11 08:59:00,False,TC382_03_A,59.091388888888886
2026-04-11 08:59:30,False,TC382_03_A,59.09972222222222
2026-04-11 09:00:00,False,TC382_03_A,59.10805555555555
2026-04-11 09:00:30,False,TC382_03_A,59.11638888888889
2026-04-11 09:01:00,False,TC382_03_A,59.124722222222225
2026-04-11 09:01:30,False,TC382_03_A,59.13305555555556
2026-04-11 10:20:30,False,TC382_03_A,60.44972222222222
2026-04-11 10:21:00,False,TC382_03_A,60.45805555555555
2026-04-11 10:21:30,False,TC382_03_A,60.466388888888886
2026-04-11 10:22:00,False,TC382_03_A,60.47472222222222
2026-04-11 10:22:30,False,TC382_03_A,60.48305555555555
2026-04-11 10:23:00,False,TC382_03_A,60.49138888888889
2026-04-11 10:23:30,False,TC382_03_A,60.499722222222225
2026-04-11 10:24:00,False,TC382_03_A,60.50805555555556
2026-04-11 10:24:30,False,TC382_03_A,60.51638888888889
2026-04-11 10:25:00,False,TC382_03_A,60.52472222222222
2026-04-12 17:33:30,False,TC382_03_A,30.654722222222222
2026-04-12 17:34:00,False,TC382_03_A,30.64638888888889
2026-04-12 17:34:30,False,TC382_03_A,30.638055555555557
2026-04-12 17:35:00,False,TC382_03_A,30.629722222222224
2026-04-12 17:35:30,False,TC382_03_A,30.621388888888887
2026-04-12 17:36:00,False,TC382_03_A,30.613055555555555
2026-04-12 17:36:30,False,TC382_03_A,30.60472222222222
2026-04-12 17:37:00,False,TC382_03_A,30.59638888888889
2026-04-12 17:37:30,False,TC382_03_A,30.588055555555556
2026-04-12 17:38:00,False,TC382_03_A,30.579722222222223
2026-04-12 17:38:30,False,TC382_03_A,30.57138888888889
2026-04-20 00:29:30,False,PDIT_6240304_AL,43.100833333333334
2026-04-20 00:30:00,False,PDIT_6240304_AL,43.10916666666667
2026-04-20 00:30:30,False,PDIT_6240304_AL,43.1175
2026-04-20 00:31:00,False,PDIT_6240304_AL,43.12583333333333
2026-04-20 00:31:30,False,PDIT_6240304_AL,43.134166666666665
2026-04-20 00:32:00,False,PDIT_6240304_AL,43.1425
2026-04-20 00:32:30,False,PDIT_6240304_AL,43.15083333333333
2026-04-20 00:33:00,False,PDIT_6240304_AL,43.159166666666664
2026-04-20 00:33:30,False,PDIT_6240304_AL,43.1675
2026-04-20 00:34:00,False,PDIT_6240304_AL,43.17583333333334
2026-04-20 00:34:30,False,PDIT_6240304_AL,43.18416666666667
2026-04-20 08:40:30,False,PDIT_6240304_AL,51.284166666666664
2026-04-20 08:41:00,False,PDIT_6240304_AL,51.2925
2026-04-20 08:41:30,False,PDIT_6240304_AL,51.30083333333334
2026-04-20 08:42:00,False,PDIT_6240304_AL,51.30916666666667
2026-04-20 08:42:30,False,PDIT_6240304_AL,51.3175
2026-04-20 08:43:00,False,PDIT_6240304_AL,51.325833333333335
2026-04-20 08:43:30,False,PDIT_6240304_AL,51.33416666666667
2026-04-20 08:44:00,False,PDIT_6240304_AL,51.3425
2026-04-20 08:44:30,False,PDIT_6240304_AL,51.350833333333334
2026-04-20 08:45:00,False,PDIT_6240304_AL,51.35916666666667
2026-04-20 08:45:30,False,PDIT_6240304_AL,51.3675
2026-04-21 01:43:00,False,PDIT_6240304_AL,68.32583333333334
2026-04-21 01:43:30,False,PDIT_6240304_AL,68.33416666666666
2026-04-21 01:44:00,False,PDIT_6240304_AL,68.3425
2026-04-21 01:44:30,False,PDIT_6240304_AL,68.35083333333333
2026-04-21 01:45:00,False,PDIT_6240304_AL,68.35916666666667
2026-04-21 01:45:30,False,PDIT_6240304_AL,68.3675
2026-04-21 01:46:00,False,PDIT_6240304_AL,68.37583333333333
2026-04-21 01:46:30,False,PDIT_6240304_AL,68.38416666666667
2026-04-21 01:47:00,False,PDIT_6240304_AL,68.3925
2026-04-21 01:47:30,False,PDIT_6240304_AL,68.40083333333334
2026-04-21 01:48:00,False,PDIT_6240304_AL,68.40916666666666
2026-04-21 01:48:30,False,PDIT_6240304_AL,68.4175
2026-04-21 01:49:00,False,PDIT_6240304_AL,68.42583333333333
2026-04-21 01:49:30,False,PDIT_6240304_AL,68.43416666666667
2026-04-21 01:50:00,False,PDIT_6240304_AL,68.4425
2026-04-21 01:50:30,False,PDIT_6240304_AL,68.45083333333334
2026-04-21 01:51:00,False,PDIT_6240304_AL,68.45916666666666
2026-04-21 01:51:30,False,PDIT_6240304_AL,68.4675
2026-04-21 01:52:00,False,PDIT_6240304_AL,68.47583333333333
2026-04-21 01:52:30,False,PDIT_6240304_AL,68.48416666666667
2026-04-21 01:53:00,False,PDIT_6240304_AL,68.4925
2026-04-21 01:53:30,False,PDIT_6240304_AL,68.50083333333333
2026-04-21 01:54:00,False,PDIT_6240304_AL,68.50916666666667
2026-04-21 01:54:30,False,PDIT_6240304_AL,68.5175
2026-04-21 01:55:00,False,PDIT_6240304_AL,68.52583333333334
2026-04-21 01:55:30,False,PDIT_6240304_AL,68.53416666666666
2026-04-21 04:35:30,False,PDIT_6240304_AL,71.20083333333334
2026-04-21 04:36:00,False,PDIT_6240304_AL,71.20916666666666
2026-04-21 04:36:30,False,PDIT_6240304_AL,71.2175
2026-04-21 04:37:00,False,PDIT_6240304_AL,71.22583333333333
2026-04-21 04:37:30,False,PDIT_6240304_AL,71.23416666666667
2026-04-21 04:38:00,False,PDIT_6240304_AL,71.2425
2026-04-21 04:38:30,False,PDIT_6240304_AL,71.25083333333333
2026-04-21 04:39:00,False,PDIT_6240304_AL,71.25916666666667
2026-04-21 04:39:30,False,PDIT_6240304_AL,71.2675
2026-04-21 04:40:00,False,PDIT_6240304_AL,71.27583333333334
2026-04-21 04:40:30,False,PDIT_6240304_AL,71.28416666666666
2026-04-21 04:41:00,False,PDIT_6240304_AL,71.2925
2026-04-21 04:41:30,False,PDIT_6240304_AL,71.30083333333333
2026-04-21 04:42:00,False,PDIT_6240304_AL,71.30916666666667
2026-04-21 04:42:30,False,PDIT_6240304_AL,71.3175
2026-04-21 04:43:00,False,PDIT_6240304_AL,71.32583333333334
2026-04-21 04:43:30,False,PDIT_6240304_AL,71.33416666666666
2026-04-21 04:44:00,False,PDIT_6240304_AL,71.3425
2026-04-21 04:44:30,False,PDIT_6240304_AL,71.35083333333333
2026-04-21 04:45:00,False,PDIT_6240304_AL,71.35916666666667
2026-04-21 04:45:30,False,PDIT_6240304_AL,71.3675
2026-04-21 04:46:00,False,PDIT_6240304_AL,71.37583333333333
2026-04-21 04:46:30,False,PDIT_6240304_AL,71.38416666666667
2026-04-21 04:47:00,False,PDIT_6240304_AL,71.3925
2026-04-21 04:47:30,False,PDIT_6240304_AL,71.40083333333334
2026-04-21 04:48:00,False,PDIT_6240304_AL,71.40916666666666
2026-04-21 04:48:30,False,PDIT_6240304_AL,71.4175
2026-04-21 04:49:00,False,PDIT_6240304_AL,71.42583333333333
2026-04-21 04:49:30,False,PDIT_6240304_AL,71.43416666666667
2026-04-21 04:50:00,False,PDIT_6240304_AL,71.4425
2026-04-21 04:50:30,False,PDIT_6240304_AL,71.45083333333334
2026-04-21 04:51:00,False,PDIT_6240304_AL,71.45916666666666
2026-04-21 04:51:30,False,PDIT_6240304_AL,71.4675
2026-04-21 04:52:00,False,PDIT_6240304_AL,71.47583333333333
2026-04-21 04:52:30,False,PDIT_6240304_AL,71.48416666666667
2026-04-21 04:53:00,False,PDIT_6240304_AL,71.4925
2026-04-21 04:53:30,False,PDIT_6240304_AL,71.50083333333333
2026-04-21 04:54:00,False,PDIT_6240304_AL,71.50916666666667
2026-04-21 04:54:30,False,PDIT_6240304_AL,71.5175
2026-04-21 04:55:00,False,PDIT_6240304_AL,71.52583333333334
2026-04-21 04:55:30,False,PDIT_6240304_AL,71.53416666666666
2026-04-22 00:10:00,False,PDIT_6240304_AL,90.77583333333334
2026-04-22 00:10:30,False,PDIT_6240304_AL,90.78416666666666
2026-04-22 00:11:00,False,PDIT_6240304_AL,90.7925
2026-04-22 00:11:30,False,PDIT_6240304_AL,90.80083333333333
2026-04-22 00:12:00,False,PDIT_6240304_AL,90.80916666666667
2026-04-22 00:12:30,False,PDIT_6240304_AL,90.8175
2026-04-22 00:13:00,False,PDIT_6240304_AL,90.82583333333334
2026-04-22 00:13:30,False,PDIT_6240304_AL,90.83416666666666
2026-04-22 00:14:00,False,PDIT_6240304_AL,90.8425
2026-04-22 00:14:30,False,PDIT_6240304_AL,90.85083333333333
2026-04-22 00:15:00,False,PDIT_6240304_AL,90.85916666666667
2026-04-22 00:15:30,False,PDIT_6240304_AL,90.8675
2026-04-22 00:16:00,False,PDIT_6240304_AL,90.87583333333333
2026-04-22 00:16:30,False,PDIT_6240304_AL,90.88416666666667
2026-04-22 00:17:00,False,PDIT_6240304_AL,90.8925
2026-04-22 00:17:30,False,PDIT_6240304_AL,90.90083333333334
2026-04-22 00:18:00,False,PDIT_6240304_AL,90.90916666666666
2026-04-22 00:18:30,False,PDIT_6240304_AL,90.9175
2026-04-22 00:19:00,False,PDIT_6240304_AL,90.92583333333333
2026-04-22 00:19:30,False,PDIT_6240304_AL,90.93416666666667
2026-04-22 00:20:00,False,PDIT_6240304_AL,90.9425
2026-04-22 00:20:30,False,PDIT_6240304_AL,90.95083333333334
2026-04-22 00:21:00,False,PDIT_6240304_AL,90.95916666666666
2026-04-22 00:21:30,False,PDIT_6240304_AL,90.9675
2026-04-22 00:22:00,False,PDIT_6240304_AL,90.97583333333333
2026-04-22 00:22:30,False,PDIT_6240304_AL,90.98416666666667
2026-04-22 00:23:00,False,PDIT_6240304_AL,90.9925
2026-04-22 00:23:30,False,PDIT_6240304_AL,91.00083333333333
2026-04-22 00:24:00,False,PDIT_6240304_AL,91.00916666666667
2026-04-22 00:24:30,False,PDIT_6240304_AL,91.0175
2026-04-22 00:25:00,False,PDIT_6240304_AL,91.02583333333334
2026-04-22 00:25:30,False,PDIT_6240304_AL,91.03416666666666
2026-04-22 00:26:00,False,PDIT_6240304_AL,91.0425
2026-04-22 00:26:30,False,PDIT_6240304_AL,91.05083333333333
2026-04-22 00:27:00,False,PDIT_6240304_AL,91.05916666666667
2026-04-22 00:27:30,False,PDIT_6240304_AL,91.0675
2026-04-22 00:28:00,False,PDIT_6240304_AL,91.07583333333334
2026-04-22 00:28:30,False,PDIT_6240304_AL,91.08416666666666
2026-04-22 00:29:00,False,PDIT_6240304_AL,91.0925
2026-04-22 00:29:30,False,PDIT_6240304_AL,91.10083333333333
2026-04-22 00:30:00,False,PDIT_6240304_AL,91.10916666666667
2026-04-22 00:30:30,False,PDIT_6240304_AL,91.1175
2026-04-22 00:31:00,False,PDIT_6240304_AL,91.12583333333333
2026-04-22 00:31:30,False,PDIT_6240304_AL,91.13416666666667
2026-04-22 00:32:00,False,PDIT_6240304_AL,91.1425
2026-04-22 00:32:30,False,PDIT_6240304_AL,91.15083333333334
2026-04-22 00:33:00,False,PDIT_6240304_AL,91.15916666666666
2026-04-22 00:33:30,False,PDIT_6240304_AL,91.1675
2026-04-22 00:34:00,False,PDIT_6240304_AL,91.17583333333333
2026-04-22 00:34:30,False,PDIT_6240304_AL,91.18416666666667
2026-04-22 00:35:00,False,PDIT_6240304_AL,91.1925
2026-04-22 00:35:30,False,PDIT_6240304_AL,91.20083333333334
2026-04-22 00:36:00,False,PDIT_6240304_AL,91.20916666666666
2026-04-22 00:36:30,False,PDIT_6240304_AL,91.2175
2026-04-22 00:37:00,False,PDIT_6240304_AL,91.22583333333333
2026-04-22 00:37:30,False,PDIT_6240304_AL,91.23416666666667
2026-04-22 00:38:00,False,PDIT_6240304_AL,91.2425
2026-04-22 00:38:30,False,PDIT_6240304_AL,91.25083333333333
2026-04-22 00:39:00,False,PDIT_6240304_AL,91.25916666666667
2026-04-22 00:39:30,False,PDIT_6240304_AL,91.2675
2026-04-22 00:40:00,False,PDIT_6240304_AL,91.27583333333334
2026-04-22 00:40:30,False,PDIT_6240304_AL,91.28416666666666
2026-04-22 00:41:00,False,PDIT_6240304_AL,91.2925
2026-04-22 00:41:30,False,PDIT_6240304_AL,91.30083333333333
2026-04-22 00:42:00,False,PDIT_6240304_AL,91.30916666666667
2026-04-22 00:42:30,False,PDIT_6240304_AL,91.3175
2026-04-22 00:43:00,False,PDIT_6240304_AL,91.32583333333334
2026-04-22 00:43:30,False,PDIT_6240304_AL,91.33416666666666
2026-04-22 00:44:00,False,PDIT_6240304_AL,91.3425
2026-04-22 00:44:30,False,PDIT_6240304_AL,91.35083333333333
2026-04-22 00:45:00,False,PDIT_6240304_AL,91.35916666666667
2026-04-22 00:45:30,False,PDIT_6240304_AL,91.3675
2026-04-22 00:46:00,False,PDIT_6240304_AL,91.37583333333333
2026-04-22 00:46:30,False,PDIT_6240304_AL,91.38416666666667
2026-04-22 00:47:00,False,PDIT_6240304_AL,91.3925
2026-04-22 00:47:30,False,PDIT_6240304_AL,91.40083333333334
2026-04-22 00:48:00,False,PDIT_6240304_AL,91.40916666666666
2026-04-22 00:48:30,False,PDIT_6240304_AL,91.4175
2026-04-22 00:49:00,False,PDIT_6240304_AL,91.42583333333333
2026-04-22 00:49:30,False,PDIT_6240304_AL,91.43416666666667
2026-04-22 00:50:00,False,PDIT_6240304_AL,91.4425
2026-04-22 00:50:30,False,PDIT_6240304_AL,91.45083333333334
2026-04-22 00:51:00,False,PDIT_6240304_AL,91.45916666666666
2026-04-22 00:51:30,False,PDIT_6240304_AL,91.4675
2026-04-22 00:52:00,False,PDIT_6240304_AL,91.47583333333333
2026-04-22 00:52:30,False,PDIT_6240304_AL,91.48416666666667
2026-04-22 00:53:00,False,PDIT_6240304_AL,91.4925
2026-04-22 00:53:30,False,PDIT_6240304_AL,91.50083333333333
2026-04-22 00:54:00,False,PDIT_6240304_AL,91.50916666666667
2026-04-22 00:54:30,False,PDIT_6240304_AL,91.5175
2026-04-22 00:55:00,False,PDIT_6240304_AL,91.52583333333334
2026-04-22 00:55:30,False,PDIT_6240304_AL,91.53416666666666
