alarme,tag,hit,lead_horas,tipo
2025-07-24 16:14:37,T5_AVG_A,True,1.031388888888889,apos_alarme
2025-07-24 16:14:37,TC382_03_A,True,1.031388888888889,apos_alarme
2025-08-08 15:31:18,T5_AVG_A,False,,sem_deteccao
2025-08-08 15:31:18,TC382_03_A,False,,sem_deteccao
2025-10-20 16:18:40,TC382_03_A,True,6.913888888888889,apos_alarme
2025-10-20 16:20:36,TC382_03_A,True,6.881666666666667,apos_alarme
2025-11-29 07:52:03,TC382_03_A,False,,sem_deteccao
2026-01-14 16:18:05,T5_AVG_A,True,20.606944444444444,apos_alarme
2026-01-14 16:18:05,TC382_03_A,True,20.606944444444444,apos_alarme
2026-01-17 00:59:01,T5_AVG_A,False,,sem_deteccao
2026-01-29 12:56:19,TC382_03_A,True,0.3552777777777778,antecedencia
2026-01-29 13:01:31,TC382_03_A,True,0.4419444444444444,antecedencia
2026-01-29 15:13:17,TC382_03_A,True,0.5880555555555556,antecedencia
2026-02-10 13:50:38,TC382_03_A,True,8.535555555555556,antecedencia
2026-02-10 13:50:40,TC382_03_A,True,8.536111111111111,antecedencia
2026-02-11 08:13:51,TC382_03_A,True,12.439166666666667,antecedencia
2026-02-11 11:18:12,TC382_03_A,True,15.511666666666667,antecedencia
2026-02-11 16:45:18,TC382_03_A,True,20.963333333333335,antecedencia
2026-02-24 11:01:00,TC382_03_A,True,0.0,antecedencia
2026-02-24 11:01:08,TC382_03_A,True,0.0022222222222222222,antecedencia
2026-02-25 20:45:50,TC382_03_A,True,0.7138888888888889,antecedencia
2026-02-25 20:45:58,TC382_03_A,True,0.7161111111111111,antecedencia
2026-03-13 10:33:35,TC382_03_A,True,14.626388888888888,antecedencia
2026-03-13 10:38:41,TC382_03_A,True,0.0030555555555555557,antecedencia
2026-03-16 10:02:25,TC382_03_A,True,6.673611111111111,antecedencia
2026-03-16 10:02:31,TC382_03_A,True,6.675277777777778,antecedencia
2026-03-16 15:00:38,TC382_03_A,True,11.643888888888888,antecedencia
2026-03-25 10:45:59,TC382_03_A,True,8.250277777777777,apos_alarme
2026-04-08 13:21:02,TC382_03_A,True,0.0005555555555555556,antecedencia
2026-04-08 21:29:53,TC382_03_A,True,6.289722222222222,antecedencia
2026-04-08 21:29:57,TC382_03_A,True,6.2908333333333335,antecedencia
2026-04-08 21:53:23,TC382_03_A,True,0.1897222222222222,antecedencia
2026-04-08 21:53:31,TC382_03_A,True,0.19194444444444445,antecedencia
2026-04-14 00:12:47,TC382_03_A,True,1.7963888888888888,antecedencia
2026-04-14 10:07:43,TC382_03_A,True,11.711944444444445,antecedencia
2026-04-14 12:01:21,TC382_03_A,True,13.605833333333333,antecedencia
2026-04-15 14:41:17,TC382_03_A,True,0.04638888888888889,antecedencia
2026-04-15 14:42:19,T5_AVG_A,True,0.0636111111111111,antecedencia
2026-04-15 23:34:42,TC382_03_A,True,4.845,antecedencia
2026-04-16 02:37:57,TC382_03_A,True,7.899166666666667,antecedencia
